#{"t_start": 1767367484.0701704, "env_id": "None"}
r,l,t
-22.0,53,7.286269
-24.5,49,7.445205
-30.75,47,7.623575
-26.0,47,7.780784
-25.0,47,7.970484
-27.0,47,8.196582
-29.0,47,8.36356
-34.5,46,8.525136
160.25,163,9.077462
-23.5,47,9.251617
-30.0,47,9.432034
-24.5,47,9.603859
-26.75,47,9.767567
-26.25,47,9.925386
-24.5,46,10.066843
-18.5,51,10.239769
-25.0,48,10.416356
-23.5,48,10.567099
-23.75,49,10.785422
68.5,111,11.268821
-27.5,47,11.442109
-30.25,47,11.605473
-25.75,47,11.795942
-28.5,46,11.983541
-27.25,48,12.162215
-24.5,47,12.371574
-21.0,50,12.534965
-25.25,48,12.699617
-27.25,47,12.878578
-27.75,48,13.044202
-27.0,50,13.23755
-29.0,47,13.416839
-26.75,46,13.590168
-24.0,46,13.758078
-32.25,47,13.919297
-21.5,52,14.111178
-26.5,47,14.280139
-26.25,47,14.470066
-25.25,47,14.780657
-28.75,46,24.448355
-22.25,49,24.941767
-22.0,47,25.412458
-28.0,48,25.891267
-27.0,47,26.383638
-17.75,51,26.897242
-30.0,47,27.393524
-25.5,47,27.877339
-22.25,49,28.374313
-26.25,46,28.844716
-19.75,50,29.357794
-26.75,47,29.836035
-24.25,47,30.318816
-28.0,46,30.781768
-25.0,47,31.264471
76.5,111,32.379801
-15.75,54,32.947498
164.25,164,34.635298
65.5,105,35.713283
-27.5,46,36.180899
-23.5,47,36.679956
-20.5,50,37.195573
160.25,166,38.913306
-27.75,47,39.385651
-26.75,47,39.888359
-26.75,47,40.400702
-29.0,46,40.917209
-26.25,47,41.425329
-25.0,49,41.943295
-25.75,47,42.442918
-29.25,46,42.919743
-23.0,47,43.396867
-26.25,46,43.838013
-22.5,50,44.36883
-24.75,47,44.866149
-24.25,47,54.222446
-21.25,49,54.697794
-28.25,46,55.176653
-21.25,51,55.670613
-28.5,47,56.155572
-24.75,49,56.690128
-31.5,48,57.180868
-28.0,46,57.655201
-28.5,46,58.146039
-26.0,47,58.634455
77.25,110,59.771276
-27.0,47,60.278961
-21.25,50,60.79184
-21.0,49,61.300365
-25.0,47,61.787922
-30.25,47,62.300963
-25.75,46,62.800219
159.25,165,64.541284
-26.25,47,65.069471
-18.25,54,65.639429
-27.5,46,66.124424
-24.5,47,66.613913
-26.5,46,67.10099
-27.25,47,67.584729
-25.0,47,68.109241
-24.75,47,68.609176
-24.75,47,69.078127
-26.0,47,69.557616
-25.75,47,70.040323
-23.25,51,70.57901
-23.75,46,71.067556
-27.25,46,71.540725
-26.25,48,72.010884
-24.75,47,72.509606
-20.25,53,73.06317
-24.75,49,73.566384
-24.0,47,74.038901
-22.5,47,74.523158
-28.5,47,74.982948
-26.5,46,84.021678
-23.75,47,84.481736
-24.0,46,84.944132
74.0,108,86.073672
-23.25,46,86.587961
-24.0,46,87.042672
-24.25,47,87.563017
76.25,107,88.678948
-26.25,46,89.142972
-22.75,47,89.595556
-25.5,47,90.120414
-28.25,47,90.660688
68.5,107,91.739984
-26.5,47,92.225135
-17.25,51,92.743931
-26.5,47,93.21625
-28.75,46,93.683554
-27.25,46,94.158662
-24.25,47,94.645743
-24.25,47,95.132951
-23.25,47,95.622201
-23.0,47,96.090653
-29.0,46,96.554578
-29.5,46,97.014899
-26.0,47,97.516817
-22.25,47,97.984912
-23.75,46,98.505347
-20.75,47,98.973836
-23.5,47,99.456302
-27.0,46,99.96198
-24.75,47,100.472138
-28.5,46,100.952204
-26.25,46,101.455145
-27.25,46,101.947256
-19.25,51,102.475787
-26.25,46,102.964507
-25.75,46,103.452193
80.5,111,104.617305
-22.75,47,105.094995
-26.0,46,114.52545
-28.75,46,114.978735
-23.0,46,115.443383
165.5,163,117.092821
-19.5,47,117.53933
-23.0,47,117.988433
-26.5,46,118.431284
-22.75,46,118.929358
-26.0,46,119.392228
-18.25,49,119.89178
-23.25,47,120.395616
-23.5,49,120.928874
-24.75,47,121.382922
-29.75,46,121.901841
-25.75,47,122.393629
-25.75,47,122.86412
-27.5,46,123.332293
-23.0,46,123.810799
-25.0,47,124.316772
-25.5,46,124.80582
-27.0,46,125.267266
-20.5,46,125.74885
-24.75,47,126.255949
-24.0,47,126.731747
-20.25,47,127.242691
-27.0,46,127.737643
-25.5,49,128.238145
-23.75,47,128.760564
-25.0,47,129.25821
-24.0,47,129.735027
-23.5,47,130.221926
-24.25,47,130.685188
-21.25,47,131.174868
-29.0,46,131.675439
-23.75,46,132.11965
-22.75,49,132.606138
-21.5,47,133.144037
-19.0,52,133.687104
-29.5,46,134.186982
-22.25,49,134.713161
-23.25,47,135.207931
-23.75,46,144.163056
-22.0,47,144.633364
-23.5,47,145.096645
-23.75,46,145.5547
-15.0,51,146.095865
-22.75,47,146.537806
-27.25,47,146.993997
-24.75,46,147.479283
-26.0,46,147.968109
-22.75,47,148.468573
82.75,109,149.64604
-22.25,46,150.114156
-21.5,47,150.559499
-26.5,47,151.035132
-23.5,47,151.534032
-22.25,47,152.020018
-22.75,47,152.50546
-16.5,49,152.991119
-23.75,47,153.486657
-23.0,47,154.009571
72.5,105,155.13805
-20.75,47,155.636796
73.25,105,156.676829
-22.0,47,157.142928
-25.75,46,157.589459
-17.5,47,158.069927
-22.5,47,158.536582
-18.75,47,159.018029
-25.25,46,159.518688
-21.75,47,159.992318
-17.75,47,160.482185
-21.75,47,160.963926
-15.75,53,161.518091
-24.25,46,161.967594
-23.5,47,162.481928
-23.25,46,162.990443
-20.0,46,163.48552
-24.75,46,163.944271
-25.25,47,164.460068
-22.5,47,164.973269
-18.75,46,174.531825
-21.25,47,175.009905
-23.0,47,175.524312
-16.5,47,176.023045
-18.0,47,176.533234
-22.75,47,177.021811
-23.25,46,177.497115
-18.75,46,178.000224
-21.0,47,178.521166
-22.75,47,179.021852
85.75,113,180.210099
-25.75,47,180.727794
-24.75,46,181.185155
-21.0,46,181.653139
-20.25,47,182.140444
-19.25,47,182.622908
-21.75,47,182.88881
-20.0,47,183.087417
-20.25,47,183.315895
-22.75,46,183.495516
-22.5,47,183.668041
-22.0,46,183.84344
-18.0,49,184.022241
-21.75,46,184.234647
-22.75,47,184.425073
-20.75,47,184.629992
-17.25,47,184.861521
-21.0,47,185.079637
-23.75,47,185.282517
-23.5,47,185.485596
-23.25,47,185.696671
-23.0,47,185.912645
-21.75,47,186.104491
-18.25,47,186.329625
-24.25,48,186.555655
-25.0,46,186.762532
-19.75,47,186.962903
-20.75,46,187.169098
-16.5,50,187.371597
-21.25,47,187.598114
-20.25,47,187.794755
-23.25,47,187.999542
-21.25,46,192.366584
-20.25,47,192.604953
73.0,105,193.068903
-18.25,47,193.305443
-22.0,47,193.525072
-24.25,46,193.7142
-21.0,47,193.925805
-24.75,46,194.131193
-17.5,47,194.352486
-17.5,49,194.566474
-16.5,47,194.753238
-18.75,47,194.959575
-18.0,47,195.127867
-23.5,46,195.322291
-19.25,47,195.529175
-18.5,48,195.731625
-19.0,47,195.909815
-20.0,47,196.097694
-25.75,46,196.279427
93.0,109,196.785172
-16.5,47,196.98665
-21.0,50,197.205674
-20.0,47,197.403941
-24.0,46,197.606045
-20.5,47,197.798103
93.75,112,198.274169
-22.0,46,198.488768
-22.75,46,198.696012
-24.5,47,198.882133
-18.75,46,199.071935
182.25,164,199.816497
-23.5,47,200.008494
-14.25,50,200.222629
-23.5,47,200.429637
-20.25,46,200.644129
-23.75,46,200.837624
-24.75,46,201.056331
-20.75,47,205.536972
86.25,106,206.011214
-18.75,47,206.206064
-16.25,47,206.443678
-18.25,47,206.644226
-23.5,47,206.865419
-16.75,47,207.086911
-18.75,47,207.301863
91.0,111,207.796557
-24.75,46,208.005676
-22.5,47,208.211934
-20.0,46,208.414534
-23.5,46,208.617916
-18.5,47,208.820642
-16.25,47,209.025679
-22.0,47,209.237985
-14.0,47,209.455502
-20.0,46,209.686543
-19.25,47,209.887282
-18.25,46,210.074816
-19.75,46,210.287607
-18.25,47,210.499332
-16.25,47,210.716747
-17.75,47,210.935362
-16.75,47,211.128907
88.75,107,211.550935
-19.25,47,211.760043
-20.25,47,211.959551
-23.75,47,212.173376
-18.0,47,212.354632
-20.75,46,212.53427
-16.75,49,212.742487
-18.0,47,212.978293
-21.0,46,213.161152
83.5,107,213.642493
-17.5,47,213.823005
-20.5,46,214.065329
-15.75,47,214.274937
-18.75,46,214.497412
-19.0,47,218.869835
-21.25,46,219.030977
-14.0,47,219.225577
-18.5,47,219.458883
-14.25,47,219.678609
-19.5,46,219.891361
-14.5,47,220.113602
-20.0,46,220.335802
-14.25,47,220.544
-20.75,46,220.759514
-17.75,47,220.982346
89.0,108,221.475318
-15.25,47,221.675142
88.75,113,222.186435
98.0,111,222.704954
-16.0,47,222.937585
-19.5,46,223.133711
-17.5,47,223.330781
-17.25,47,223.551735
-17.25,47,223.726288
-17.75,47,223.922212
-18.0,47,224.110525
-26.25,46,224.315636
-17.5,47,224.533433
-18.25,47,224.754282
-15.75,50,224.965709
-20.25,46,225.187812
-20.0,47,225.402067
-18.25,46,225.613448
-20.25,46,225.815868
-19.0,46,226.018376
-17.75,47,226.232692
-16.25,47,226.471825
-15.5,47,226.694514
-13.25,47,226.898419
-22.25,46,227.110832
-16.0,47,227.314274
-21.0,46,227.539176
88.75,111,231.990039
-19.5,46,232.183666
-21.75,47,232.416518
-20.5,46,232.61475
-20.0,47,232.855558
93.25,112,233.359908
76.25,104,233.798877
-21.25,46,233.988923
178.5,161,234.623222
-20.75,46,234.813618
-15.75,47,235.02307
-17.5,47,235.222726
93.5,108,235.694353
-19.25,47,235.885665
-14.75,47,236.132357
-17.75,46,236.34444
-14.5,48,236.546294
-21.75,47,236.746569
-17.5,46,236.959675
88.5,109,237.42527
-16.0,48,237.635311
-18.75,47,237.82786
-15.75,46,238.023618
173.0,163,238.751887
100.25,111,239.256126
-18.5,47,239.455307
-20.25,47,239.640919
-13.5,49,239.859337
-21.75,47,240.07031
-20.25,46,240.277934
-18.75,47,240.492488
-22.5,47,240.698425
-17.0,46,244.870479
-14.25,47,245.095889
88.75,111,245.586236
-18.0,46,245.777221
-16.0,47,246.002322
-21.75,46,246.182464
-19.25,46,246.345595
-19.75,46,246.537316
-17.25,47,246.733981
-15.5,47,246.926801
-19.5,46,247.127676
-18.0,47,247.315636
-12.25,52,247.53326
-19.0,47,247.723996
-16.5,46,247.894534
-21.0,46,248.095128
-15.25,47,248.30568
-22.0,46,248.506904
-18.0,46,248.716492
-22.25,46,248.911636
-14.0,47,249.147209
-18.25,48,249.37125
-17.5,48,249.581555
-20.5,47,249.796282
-18.0,46,250.002162
-19.75,48,250.194233
-20.5,47,250.400986
-21.75,46,250.626262
-18.25,46,250.822843
-21.75,46,251.018384
84.0,107,251.487705
-15.5,48,251.683789
-19.5,48,251.909641
-22.25,47,252.1175
-16.75,47,252.317802
-18.25,47,252.549151
-17.75,46,252.757087
-10.0,49,252.968773
86.25,109,253.451236
92.0,107,257.770597
-14.75,47,257.97078
-12.75,51,258.171422
-16.75,48,258.418324
-18.5,46,258.634238
94.5,112,259.121698
-16.75,46,259.32408
-20.0,46,259.51376
-16.0,47,259.716077
-17.25,47,259.920373
90.75,109,260.344449
-16.75,46,260.537853
-14.75,47,260.723788
-20.0,46,260.922178
87.25,108,261.409354
-19.25,46,261.62465
-14.25,47,261.836572
-20.75,46,262.038893
-16.25,47,262.246636
-10.75,48,262.473808
-19.25,46,262.669301
-17.0,47,262.848025
-19.0,46,263.047979
-16.75,50,263.273983
-15.5,48,263.499635
-17.75,47,263.687478
-15.0,47,263.874895
-19.75,46,264.069672
-17.75,47,264.31038
-16.75,47,264.541172
-16.5,47,264.750201
-18.0,47,264.983519
95.75,107,265.456406
-16.0,46,265.66853
92.5,109,266.175341
97.75,112,270.942399
-17.5,46,271.136707
-15.5,47,271.332842
-22.5,46,271.533961
-17.25,46,271.756015
-19.25,46,271.974206
-14.75,46,272.178262
-14.25,47,272.385007
-13.5,47,272.597723
-18.75,47,272.782228
100.75,109,273.264918
94.25,107,273.742444
-12.25,47,273.945009
95.25,110,274.397308
-17.0,47,274.603689
-13.5,47,274.799595
-17.75,46,274.955578
-18.75,46,275.140258
-11.5,49,275.348799
98.75,109,275.831519
-13.25,47,276.00607
-16.75,46,276.196316
-15.5,47,276.409603
-18.5,46,276.60749
90.0,108,277.042927
-14.5,48,277.2722
-16.5,46,277.469254
92.75,106,277.928431
-13.75,47,278.122674
-18.5,46,278.329313
-20.75,46,278.538613
-16.5,46,278.744166
-19.5,46,278.958176
-15.25,47,279.175351
-19.25,46,279.370393
-16.5,46,279.582758
-14.25,47,279.789068
-12.75,47,284.043431
-13.25,47,284.235533
-12.25,48,284.450104
94.5,109,284.931615
-12.25,47,285.130986
-14.25,46,285.325789
-12.75,47,285.513443
-16.5,47,285.727963
-15.75,47,285.908268
-18.75,47,286.086077
-12.5,47,286.269931
-16.0,47,286.466174
-13.25,47,286.679047
-13.5,48,286.876769
-18.0,46,287.067206
198.75,165,287.772765
-15.0,46,287.976265
-15.75,46,288.165161
-14.25,47,288.352669
-13.5,47,288.565893
100.75,110,289.073309
-11.75,47,289.267897
-15.5,46,289.462896
-13.25,47,289.656235
-14.25,47,289.865192
-14.5,46,290.0563
-15.5,47,290.284684
97.75,110,290.739522
97.5,107,291.235968
-15.0,46,291.407465
-14.25,46,291.586504
-18.5,46,291.759501
98.5,108,292.222637
-14.5,47,292.426115
98.0,109,297.279145
100.5,109,297.735546
99.25,108,298.24143
-16.5,46,298.451713
-13.75,46,298.650585
99.25,109,299.133866
-15.25,46,299.324436
-15.25,46,299.512729
-19.0,46,299.709483
-13.25,47,299.922206
-13.25,47,300.125078
-13.0,47,300.341298
102.25,110,300.852806
-14.75,47,301.068399
-14.25,46,301.280208
-15.25,46,301.463989
-12.0,47,301.656596
102.25,109,302.132824
-15.25,46,302.364809
-16.25,46,302.568833
-13.0,46,302.780656
-16.0,46,302.94528
-15.75,46,303.13907
100.25,109,303.613557
104.0,109,304.090575
-10.0,49,304.324521
-13.0,47,304.524441
96.25,107,305.02035
95.25,108,305.467648
-17.5,46,305.702314
-12.75,47,305.913135
98.75,107,310.545241
-12.25,46,310.734211
100.5,109,311.223252
89.5,106,311.693984
104.5,108,312.189552
103.5,109,312.678043
98.5,111,313.155631
-15.0,46,313.364393
-15.25,46,313.564427
-12.75,47,313.78526
-14.75,46,313.977886
98.0,109,314.474082
-14.0,46,314.673432
99.75,108,315.113012
98.25,109,315.600744
-18.0,46,315.803395
100.5,108,316.238542
-18.25,46,316.455906
-14.25,47,316.655965
102.75,109,317.09597
95.75,107,317.556413
99.5,107,318.014678
-16.0,47,318.219295
-13.0,47,318.429766
-9.5,47,318.625374
101.75,108,323.224257
-15.5,46,323.419723
-10.75,47,323.619198
-10.75,47,323.821927
-12.25,47,324.050506
-14.75,46,324.271575
-17.75,46,324.455519
-13.0,46,324.655957
104.25,109,325.166258
-18.75,46,325.396093
96.25,109,325.902153
-14.75,46,326.087665
-16.0,47,326.273977
-13.75,46,326.472567
-14.25,46,326.665707
101.25,108,327.154241
99.0,109,327.64992
100.0,107,328.075042
102.5,109,328.543771
95.25,106,329.003894
-16.25,46,329.200763
-14.0,46,329.373989
-15.5,47,329.54983
-15.5,46,329.718495
-13.5,47,329.896015
96.75,109,330.298389
-14.75,46,330.4751
102.0,109,330.942647
92.25,106,331.371301
-12.0,47,331.574884
-15.5,46,331.765671
-12.75,47,336.156524
99.75,107,336.609588
-10.0,47,336.818224
-15.0,46,337.005677
104.0,109,337.457889
-12.75,46,337.668862
-11.75,47,337.879889
-15.75,46,338.078051
-18.25,46,338.265394
-11.75,48,338.469508
100.25,108,338.958082
103.25,109,339.451238
105.75,109,339.916998
-12.25,47,340.112156
-14.25,47,340.324371
-14.0,46,340.51005
-13.5,47,340.709287
101.75,110,341.19016
-9.25,47,341.38263
-11.75,47,341.601165
-9.5,50,341.815689
-13.0,47,342.013667
-11.25,47,342.216964
100.75,109,342.719773
98.25,108,343.229376
192.5,158,343.902903
-10.75,47,344.097497
-12.0,47,344.281845
102.25,109,344.801856
108.0,111,349.321644
-11.25,47,349.528633
98.0,109,350.007571
-12.5,47,350.193015
104.25,109,350.67149
-10.0,47,350.869149
-12.5,46,351.041472
-12.5,47,351.240935
-11.0,47,351.448966
-13.0,46,351.643259
-13.25,46,351.854719
104.75,109,352.325301
-9.5,47,352.542275
-10.5,47,352.729336
102.0,109,353.153764
-12.75,46,353.334599
-13.5,47,353.536623
103.0,107,354.016896
-12.25,47,354.232014
-13.75,46,354.44581
-14.75,46,354.633564
101.5,107,355.076597
-15.75,46,355.263172
-12.25,47,355.468013
-12.5,46,355.654716
-17.0,46,355.852117
105.25,109,356.346841
-12.25,46,356.562531
102.75,107,357.025205
-12.5,47,357.236913
-16.5,46,357.423798
-10.5,47,357.63605
103.75,109,362.27505
104.5,107,362.771464
107.0,109,363.247197
-13.25,46,363.432177
-12.25,47,363.645439
102.5,110,364.09433
-12.25,46,364.284581
-12.25,46,364.491719
-11.25,47,364.687761
-10.5,47,364.882678
-11.75,47,365.085609
-15.25,46,365.300369
-14.0,47,365.519448
-13.25,46,365.706737
103.5,107,366.179492
-10.0,47,366.386572
-12.0,47,366.597463
-10.25,47,366.796602
103.0,108,367.241613
-11.25,47,367.460952
-13.0,46,367.659427
103.0,107,368.137542
-10.25,47,368.356848
-10.0,47,368.581014
-12.25,46,368.769281
105.0,107,369.256333
108.5,109,369.758219
-11.25,47,369.954735
-12.5,46,370.166002
105.5,108,370.613544
-12.0,46,370.821776
-10.75,47,375.122403
-13.25,46,375.320821
96.25,107,375.814557
-11.75,47,376.006493
-12.25,46,376.207124
-11.5,47,376.402233
-10.0,48,376.60823
104.75,109,377.090797
98.75,107,377.575441
105.5,107,378.091591
-11.25,47,378.289305
103.5,107,378.762596
-10.75,47,379.00197
106.25,109,379.464958
-11.75,47,379.661458
-10.75,47,379.860193
-10.75,47,380.06218
-14.0,47,380.238365
-14.75,46,380.448583
-14.75,46,380.663313
106.75,108,381.093806
99.75,108,381.592548
106.5,110,382.060318
109.0,109,382.592247
103.0,109,383.089316
-12.25,47,383.334193
-12.5,47,383.568579
105.0,109,384.064525
-10.75,47,388.300807
-10.5,47,388.522663
-13.0,46,388.759973
-9.25,47,388.943125
105.25,108,389.391961
-12.25,47,389.575137
-11.5,47,389.763774
107.25,109,390.213845
104.75,108,390.66874
110.0,109,391.10981
-10.25,47,391.314973
104.5,108,391.849056
106.25,107,392.341476
-13.5,46,392.594218
107.75,108,393.047985
-10.0,47,393.25179
-9.25,47,393.461975
103.25,107,393.926112
105.5,109,394.363413
107.25,108,394.846706
109.25,109,395.379051
105.25,109,395.909175
-11.25,46,396.110498
110.0,109,396.578934
-13.5,46,396.788166
-13.25,46,397.006071
-12.75,46,397.209894
-11.25,47,401.449981
-12.0,46,401.646885
-11.75,46,401.852498
108.0,109,402.320714
-11.25,47,402.546515
112.75,109,402.99222
-11.0,47,403.206621
-9.25,47,403.406951
107.5,109,403.918901
-9.75,47,404.126814
-8.75,47,404.328265
108.75,109,404.805716
109.75,109,405.254884
-12.5,47,405.44534
110.75,110,405.94215
109.0,109,406.399294
110.0,109,406.882588
107.75,107,407.367088
106.75,107,407.814179
108.25,109,408.320613
-8.5,47,408.524084
105.5,107,409.00134
-9.25,47,409.254108
106.25,108,409.711286
109.75,109,410.181737
-10.5,47,414.485125
108.5,109,415.010172
108.25,109,415.484199
-9.25,47,415.685033
108.5,109,416.182594
107.25,111,416.668449
105.25,109,417.162747
107.75,109,417.648764
102.75,107,418.138179
105.5,108,418.611041
109.75,109,419.072979
-11.25,47,419.320389
102.75,106,419.781152
107.75,110,420.265554
111.25,109,420.744815
104.25,107,421.213552
-8.75,47,421.400149
-12.75,46,421.609138
-9.5,47,421.812722
107.0,107,422.261108
99.75,106,422.722278
-11.75,47,422.951732
106.0,109,423.405157
-8.5,47,427.600723
-12.75,46,427.779614
105.0,108,428.228003
110.75,109,428.726127
107.5,109,429.218737
111.75,109,429.69186
-8.5,47,429.882549
110.75,109,430.3381
111.0,109,430.848542
110.0,109,431.315758
109.0,108,431.779143
-10.25,47,431.984647
-12.25,47,432.220185
-8.75,47,432.411498
111.25,109,432.878465
110.5,109,433.309009
-12.5,46,433.495414
-8.0,47,433.717308
108.0,109,434.175643
108.5,107,434.641007
110.75,109,435.069518
109.75,109,435.562064
105.0,107,436.020833
-11.0,46,436.235904
-12.5,46,440.398594
107.75,108,440.831684
-10.0,47,441.030801
110.75,109,441.541998
106.5,108,442.029925
-11.5,46,442.245093
-9.5,47,442.458082
-11.5,46,442.653994
113.0,110,443.150093
106.5,107,443.651354
-8.5,47,443.868647
-12.0,46,444.083834
-12.25,46,444.342843
106.25,109,444.805282
-8.5,47,445.043664
109.0,109,445.559246
-9.0,47,445.793949
-8.75,47,446.01817
-9.75,47,446.210537
-11.25,46,446.448641
-9.25,47,446.66164
110.0,109,447.188119
110.75,109,447.741626
110.5,109,448.212416
-12.5,46,448.442716
107.5,107,448.914151
-8.5,47,449.153672
-12.75,47,449.370237
-9.75,47,449.605943
-9.5,47,453.731488
-11.5,46,453.955622
-10.0,47,454.147032
113.0,109,454.661535
107.0,107,455.146142
-8.5,47,455.378512
-10.25,47,455.583763
-11.0,47,455.797313
109.5,109,456.299077
111.75,109,456.761147
-8.0,47,456.941584
-9.0,47,457.1511
111.25,109,457.666307
109.0,108,458.131375
110.25,109,458.608337
111.25,109,459.024154
109.75,108,459.509331
-9.0,47,459.736154
-13.25,46,459.916797
-8.0,47,460.146488
110.5,109,460.641838
101.25,106,461.169659
-9.25,47,461.371985
-8.0,47,461.593263
110.75,109,462.108013
-9.5,47,462.366055
110.25,109,462.88045
109.75,109,467.492273
-8.75,47,467.721366
-9.25,47,467.991169
111.75,109,468.541146
108.25,107,469.056077
-11.0,46,469.251085
105.5,108,469.779878
-8.5,47,469.99071
108.75,109,470.501431
110.5,109,471.036173
112.5,109,471.567693
111.5,109,472.044519
106.75,109,472.518012
107.75,107,472.971273
107.25,107,473.457278
109.0,108,473.924384
109.75,107,474.458561
-10.25,47,474.65356
-11.75,46,474.84518
-9.75,47,475.033296
-8.0,47,475.232992
-10.5,47,475.440769
106.25,107,475.964078
106.75,107,476.488068
-9.0,47,481.283693
-10.5,47,481.545704
108.25,108,482.025979
107.0,109,482.558857
-8.0,47,482.747055
-10.0,47,482.965405
-8.0,47,483.195809
110.75,108,483.680837
-11.5,46,483.860594
107.75,107,484.31634
112.5,109,484.769188
-12.0,46,484.960003
112.75,109,485.437788
110.0,108,485.934463
107.5,109,486.386014
-9.25,47,486.601795
110.0,109,487.074847
109.75,109,487.616159
107.5,109,488.078434
-10.0,47,488.29133
107.5,107,488.751301
-11.25,47,488.95277
110.25,109,489.440089
-9.75,47,489.657455
109.0,108,490.170999
-9.75,47,495.135811
113.75,109,495.648145
111.25,109,496.172893
109.75,108,496.680229
112.0,109,497.209514
108.5,109,497.665169
-9.25,47,497.84034
-8.0,47,498.022444
-9.75,47,498.209104
-10.5,47,498.40059
-9.25,47,498.611302
112.25,109,499.070301
109.25,109,499.561395
110.5,109,500.070105
110.75,109,500.529994
108.0,107,500.953398
-9.5,47,501.155333
113.5,109,501.611657
-9.25,47,501.816131
112.5,109,502.328002
110.5,108,502.818989
-10.0,47,503.033946
112.25,109,503.556434
107.0,108,504.000376
112.5,109,509.143599
-8.75,47,509.386436
111.75,109,509.939936
108.25,108,510.467698
-10.5,47,510.680349
-9.25,47,510.903469
108.75,107,511.339349
110.75,109,511.816406
-9.25,47,512.012768
106.75,107,512.444376
-12.0,46,512.620967
112.5,109,513.084369
-9.25,47,513.313006
-8.75,47,513.524607
109.0,108,513.984681
-8.0,47,514.175693
107.75,109,514.60789
109.25,109,515.082242
110.75,109,515.568702
108.5,107,516.035385
107.5,109,516.503441
104.0,107,516.941275
109.75,109,517.392445
-8.5,47,517.606529
109.0,109,522.332185
106.75,107,522.791599
109.5,109,523.31188
107.25,107,523.812179
-9.25,47,523.987875
108.5,107,524.410398
-11.0,47,524.592244
-10.75,47,524.797697
109.75,109,525.288002
-13.0,46,525.499226
-8.75,47,525.709979
107.25,109,526.170029
-9.25,47,526.369942
107.75,107,526.85395
-10.0,47,527.048369
109.5,109,527.534397
-10.25,47,527.716773
108.25,107,528.159329
111.5,109,528.61649
-10.0,47,528.82657
108.75,107,529.310018
112.75,109,529.78134
-11.5,46,529.999018
-9.25,47,530.199892
-8.0,47,530.490782
112.5,109,530.945652
108.5,107,535.002971
109.0,107,535.456221
109.25,109,535.923489
112.5,109,536.396715
-9.25,47,536.591107
109.75,108,537.112319
-9.5,47,537.343916
112.25,109,537.817548
-12.5,46,538.031772
-8.5,47,538.23397
-8.75,47,538.432951
-10.5,47,538.645121
112.0,109,539.116742
107.0,107,539.582448
-8.75,47,539.758209
-12.0,46,539.962147
109.25,109,540.409587
112.75,109,540.922481
110.25,109,541.397213
-8.5,47,541.598697
108.5,108,542.087896
107.25,109,542.55325
110.5,109,542.965595
106.75,107,543.432665
-8.75,47,547.744713
110.5,108,548.250581
-9.25,47,548.550463
109.75,107,549.031412
111.25,108,549.514209
-10.75,47,549.732494
108.75,107,550.205899
-11.0,46,550.407669
107.5,107,550.895184
-10.0,47,551.091422
107.0,107,551.538744
109.75,109,552.044558
109.25,109,552.547852
-10.0,47,552.753073
-10.75,47,552.94291
110.0,109,553.408327
-8.0,47,553.624364
111.75,109,554.072522
-9.25,47,554.266852
111.25,109,554.736462
109.75,109,555.219167
112.75,109,555.693482
110.25,109,556.244963
-9.25,47,556.447452
110.0,109,561.016507
110.75,109,561.551746
112.75,109,562.011399
-9.0,47,562.218863
106.75,107,562.69735
110.75,109,563.168051
111.5,109,563.649459
-8.0,47,563.847498
111.0,109,564.389986
110.0,109,564.842772
-8.0,47,565.058678
110.75,109,565.550605
-10.25,47,565.747989
108.0,108,566.251019
-10.75,47,566.475964
110.25,109,566.9766
-9.25,47,567.262795
112.25,109,567.793226
108.0,107,568.245691
110.0,109,568.727241
-8.0,47,568.955059
107.5,107,569.42014
-11.75,46,569.621677
-8.75,47,569.831428
108.75,109,574.381006
111.0,109,574.829594
110.75,109,575.315754
110.0,109,575.792318
109.25,108,576.235507
-10.5,47,576.439328
-11.25,46,576.626577
109.0,109,577.08004
109.75,109,577.56312
108.0,108,578.04107
110.0,109,578.500892
111.5,109,578.944827
107.75,107,579.466095
107.75,107,579.939966
108.5,109,580.430826
110.0,109,580.883058
109.25,109,581.344133
107.5,107,581.816909
108.5,107,582.394069
107.25,109,582.867885
109.0,109,587.374687
110.25,108,587.889344
-8.75,47,588.133959
-8.0,47,588.323392
-9.25,47,588.538206
111.75,109,589.03583
111.25,109,589.586083
-8.5,47,589.800407
-8.0,47,590.010614
114.25,109,590.517721
-8.5,47,590.717356
109.0,107,591.184676
-8.75,47,591.427285
111.5,109,591.883577
110.25,108,592.370017
111.75,109,592.828116
-12.25,46,593.050458
109.5,109,593.610548
-9.0,47,593.800421
-8.0,47,594.006187
-8.75,47,594.228586
-9.75,47,594.435082
-8.0,47,594.656512
111.75,109,595.145672
110.25,108,595.635723
106.25,107,596.081583
-8.5,47,596.292361
-8.5,47,596.511999
109.75,109,601.246591
107.5,107,601.723386
107.5,108,602.185019
110.5,109,602.706801
107.0,107,603.248704
110.0,109,603.80187
110.25,108,604.256642
-8.0,47,604.473852
104.75,106,604.968583
110.75,108,605.438971
-8.75,47,605.673672
-8.5,47,605.875809
111.25,109,606.343887
110.5,108,606.820388
110.0,107,607.273409
-8.0,47,607.523263
110.25,109,608.034516
-8.75,47,608.221236
111.5,109,608.704991
-8.0,47,608.91268
108.25,110,609.388765
-11.25,46,609.581005
110.75,109,610.081312
113.5,109,614.824899
-10.5,46,615.025929
111.75,109,615.49031
-9.0,47,615.72338
110.25,107,616.196766
-8.5,47,616.398594
-10.5,47,616.611573
-8.75,47,616.840172
113.25,109,617.361736
109.0,109,617.867698
111.75,109,618.343506
114.5,109,618.836315
110.5,107,619.275878
111.25,108,619.758031
107.0,107,620.207188
112.25,109,620.681991
-9.25,47,620.864601
110.0,107,621.29564
108.5,107,621.741635
107.0,108,622.24959
110.5,107,622.733351
-11.0,46,622.913972
110.5,108,627.620522
110.0,108,628.088258
111.0,109,628.587577
109.75,109,629.062483
109.75,108,629.50268
111.25,108,629.995589
112.0,109,630.570926
-8.5,47,630.817822
-8.0,47,631.027532
107.75,107,631.453361
113.5,109,631.957995
-9.25,47,632.137215
112.5,109,632.584865
-8.75,47,632.802358
110.0,109,633.230197
-9.25,47,633.424212
111.5,109,633.918727
-8.5,47,634.125403
107.75,107,634.602531
-8.0,47,634.827129
112.75,109,635.328223
-10.0,47,635.52035
-11.5,46,635.735043
-8.75,47,635.909204
-8.0,47,636.099009
109.75,107,636.568594
-10.75,47,640.953194
-8.5,47,641.152414
-8.5,47,641.362612
111.75,109,641.854964
-8.75,47,642.07936
-9.5,47,642.279313
-9.0,47,642.508899
-11.75,46,642.686563
-11.0,46,642.900024
113.25,109,643.345131
112.75,109,643.831075
109.0,107,644.259635
109.5,107,644.732745
111.75,109,645.190547
-8.0,47,645.396883
112.5,109,645.91535
-11.0,46,646.115487
114.0,109,646.571679
-9.25,47,646.767663
113.5,109,647.251266
111.75,109,647.700594
-8.5,47,647.974005
107.75,107,648.442737
110.25,109,648.956264
112.0,109,649.486156
114.0,109,654.004805
112.0,109,654.553054
114.25,109,655.033161
113.5,109,655.54177
113.25,109,656.007881
-8.0,47,656.232862
-8.0,47,656.441401
-8.0,47,656.621548
110.75,109,657.112629
112.75,109,657.610235
112.5,109,658.104242
113.75,109,658.624879
-9.25,47,658.831467
111.5,109,659.326468
-8.75,47,659.572646
-9.0,47,659.784356
113.25,109,660.256722
-8.75,47,660.467208
110.0,107,660.963322
112.75,109,661.453531
-8.0,47,661.66022
-8.0,47,661.865203
-10.75,46,662.089186
110.5,109,662.522464
109.75,108,663.000559
114.75,109,667.674243
113.0,109,668.124951
110.0,109,668.626526
113.0,109,669.160161
112.5,109,669.746304
108.5,107,670.20682
112.5,109,670.709539
-9.5,47,670.924905
113.25,109,671.42818
109.0,107,671.937586
-8.0,47,672.15118
108.75,107,672.621319
-8.0,47,672.823049
113.0,109,673.333779
-9.5,47,673.528597
-10.0,47,673.725038
111.75,108,674.200538
-8.0,47,674.428718
-8.0,47,674.658093
113.5,109,675.080236
-8.0,47,675.275164
110.25,108,675.772714
-9.75,47,675.976933
114.25,109,676.427464
112.25,109,680.940415
-10.5,46,681.128387
109.5,109,681.673018
-8.0,47,681.873757
104.5,106,682.378497
108.75,108,682.964139
109.25,109,683.479193
113.5,109,683.947815
-8.0,47,684.162747
114.25,109,684.659309
114.0,109,685.180337
110.0,107,685.657197
113.5,109,686.143349
-8.0,47,686.370838
-8.0,47,686.58786
-11.0,46,686.812622
112.75,109,687.318465
-11.25,46,687.547346
-8.75,47,687.741918
111.0,108,688.1836
110.0,109,688.660575
112.75,109,689.190067
113.5,109,689.730374
111.0,107,694.625469
109.0,107,695.13649
113.0,109,695.608722
111.75,109,696.090397
109.75,109,696.557138
109.25,108,696.977518
112.75,109,697.462422
111.0,109,697.978156
112.5,109,698.532585
-11.75,46,698.726325
112.5,109,699.170208
113.0,109,699.719319
-8.5,47,699.95411
-8.0,47,700.178564
108.0,108,700.778522
-8.0,47,700.97848
-9.75,47,701.176828
113.25,109,701.649688
110.0,107,702.088432
113.75,109,702.531702
109.5,108,703.006815
110.25,108,703.45733
-8.75,47,703.695043
110.0,107,708.255479
111.5,108,708.728608
114.0,109,709.227462
112.75,109,709.683573
-8.5,47,709.883176
-9.0,47,710.082543
-10.5,46,710.29572
-8.0,47,710.495481
-8.5,47,710.741745
112.25,109,711.195003
113.75,109,711.651608
112.75,109,712.091615
113.5,109,712.544382
-8.5,47,712.728853
-8.0,47,712.914776
111.25,108,713.380987
113.25,109,713.848839
112.25,109,714.427715
108.75,107,714.847836
-8.0,47,715.053002
111.25,108,715.536404
114.5,109,716.018903
115.0,110,716.528121
111.5,109,721.017615
-12.0,46,721.237429
-8.0,47,721.433233
-10.75,47,721.633233
110.25,109,722.105728
115.5,109,722.59903
113.5,109,723.05585
109.25,107,723.565938
-9.25,47,723.767653
109.75,107,724.260031
113.5,109,724.772635
110.75,107,725.317683
-8.0,47,725.534516
-8.0,47,725.730537
-9.25,47,725.911167
113.5,109,726.386285
-8.0,47,726.585649
-8.0,47,726.825418
-8.5,47,727.035281
109.5,107,727.543475
112.75,109,728.039912
-9.25,47,728.246652
108.75,107,728.780024
109.75,107,729.249586
111.0,108,729.736271
111.25,109,734.469459
-8.5,47,734.672499
-10.5,46,734.897171
112.5,109,735.377544
114.0,109,735.862046
-8.5,47,736.081612
-8.0,47,736.272752
110.25,109,736.77867
-10.5,46,736.987923
112.25,109,737.466767
-8.5,47,737.656685
112.75,109,738.142062
109.25,107,738.581306
-8.0,47,738.799666
-8.5,47,739.019313
-9.0,47,739.230437
107.75,107,739.693128
111.0,107,740.175367
-8.0,47,740.383565
113.75,109,740.851825
111.25,109,741.332969
-11.25,46,741.560349
111.25,108,742.036182
112.25,109,742.499421
112.75,109,742.942019
111.5,109,747.571834
111.75,108,748.012044
113.75,109,748.502853
112.25,109,748.965179
112.5,109,749.406477
-8.0,47,749.600165
114.25,109,750.104609
-8.5,47,750.279376
-8.0,47,750.457015
-8.0,47,750.65817
-8.5,47,750.854985
112.0,108,751.301139
-9.25,47,751.487047
113.0,109,751.983006
113.5,110,752.44152
-8.0,47,752.642426
-8.75,47,752.856469
112.5,108,753.310416
115.0,109,753.796769
-8.5,47,754.02859
-11.0,46,754.248017
108.5,107,754.731432
113.25,109,755.163582
110.5,107,755.641492
112.75,109,756.092429
-8.0,47,760.467645
-8.5,47,760.654258
-8.5,47,760.852659
-8.0,47,761.069923
113.25,109,761.521145
114.5,109,761.958189
-8.75,47,762.148203
-8.5,47,762.379133
-8.5,47,762.557961
113.25,109,762.996021
112.0,109,763.483291
-10.5,46,763.678686
-10.5,46,763.895764
110.5,107,764.356078
-8.75,47,764.554167
-9.25,47,764.742116
-8.0,47,764.953351
-9.5,47,765.148798
113.75,109,765.616406
-8.0,47,765.816924
112.25,109,766.289533
114.25,109,766.758775
115.5,109,767.237965
-11.25,46,767.460308
113.0,109,767.883351
111.75,109,768.351425
111.0,108,768.787944
113.0,109,773.237909
113.5,109,773.705666
-8.0,47,773.931004
-8.75,47,774.198249
-8.0,47,774.417142
-8.0,47,774.593893
111.75,109,775.017691
-9.25,47,775.219698
-9.25,47,775.415755
112.25,109,775.892722
114.0,109,776.350415
113.25,109,776.790697
-11.0,46,777.011214
-8.0,47,777.202875
115.0,109,777.681657
109.25,107,778.140998
110.5,109,778.631013
-9.0,47,778.85113
-8.75,47,779.046711
-11.25,46,779.2486
-8.0,47,779.462542
109.0,108,779.944344
113.75,109,780.405484
110.5,109,780.895236
110.5,109,781.350783
112.0,109,781.835514
114.5,109,786.303071
110.25,109,786.824239
114.25,109,787.283949
116.0,109,787.758576
-8.0,47,787.955506
-8.0,47,788.18074
110.75,107,788.640251
-8.0,47,788.848638
110.0,107,789.303293
112.5,109,789.870605
-9.5,47,790.07972
-8.0,47,790.287146
108.5,107,790.849443
111.75,108,791.319883
-8.5,47,791.561074
115.0,109,792.042827
114.5,109,792.542901
109.5,107,792.978841
113.5,109,793.469877
111.25,107,793.916838
112.5,109,794.414677
109.75,108,794.884393
111.0,109,799.581322
113.5,109,800.058949
113.0,109,800.50443
-8.0,47,800.688117
113.25,109,801.155711
-11.0,46,801.378085
113.0,109,801.84424
113.75,109,802.313525
-8.5,47,802.537668
-8.0,47,802.73881
110.75,107,803.164286
112.25,109,803.767688
113.25,109,804.219833
112.0,109,804.67842
-11.25,46,804.872651
109.5,108,805.358766
113.5,109,805.817698
112.75,109,806.377953
109.5,107,806.834887
111.5,109,807.329408
109.25,108,807.88576
-8.0,47,808.085539
107.75,107,812.905425
109.5,107,813.353803
-8.0,47,813.584938
-8.0,47,813.791354
114.5,109,814.2904
-8.5,47,814.475363
-8.0,47,814.668763
113.75,109,815.128354
-9.25,47,815.326829
-8.0,47,815.534027
111.0,108,816.074877
110.0,107,816.562485
114.75,109,817.047693
110.75,107,817.522158
-8.5,47,817.719481
-9.0,47,817.986115
113.75,109,818.449897
112.25,109,818.906721
115.5,109,819.332737
110.75,107,819.776519
-8.5,47,820.00767
112.25,109,820.528361
106.0,107,821.034637
112.25,109,821.488972
-8.0,47,821.71104
114.0,109,826.48403
-8.5,47,826.706227
112.25,109,827.202802
-8.5,47,827.413007
-8.0,47,827.618779
-8.75,47,827.867278
-8.0,47,828.058375
111.25,109,828.549201
110.75,108,829.055582
114.25,109,829.54543
-8.0,47,829.752316
113.75,109,830.251544
110.75,107,830.716222
-8.0,47,830.909533
114.5,109,831.370168
114.25,109,831.854248
111.5,107,832.327669
112.0,108,832.787591
115.0,109,833.237227
115.25,109,833.682788
-8.75,47,833.878584
114.25,109,834.326514
-8.75,47,834.523838
-8.5,47,834.71974
-9.25,47,834.901561
111.5,108,839.610094
109.5,107,840.040254
114.0,109,840.476402
112.5,108,840.926522
111.5,107,841.524636
-8.5,47,841.730304
110.0,109,842.302241
114.75,109,842.888787
112.75,109,843.392904
112.25,109,843.877472
-11.0,46,844.067647
112.25,109,844.626474
-8.75,47,844.836533
113.0,109,845.268942
113.5,109,845.705313
-8.0,47,845.931052
-8.0,47,846.12767
-8.0,47,846.297458
112.25,109,846.757716
-8.0,47,846.967173
112.75,109,847.455707
-8.5,47,847.657193
-8.0,47,847.869257
110.25,108,848.383878
113.75,109,853.055591
-8.0,47,853.260454
113.0,109,853.741972
110.0,107,854.210032
-8.0,47,854.436804
115.5,109,854.953364
-11.25,46,855.169524
116.0,109,855.627873
113.5,109,856.092891
-8.75,47,856.300968
-10.5,46,856.492135
-8.0,47,856.689684
110.75,107,857.160234
-8.0,47,857.381547
113.5,109,857.84665
115.5,109,858.322812
112.75,109,858.801393
-8.5,47,859.006361
111.5,109,859.46658
-8.5,47,859.676152
107.75,107,860.108391
110.75,108,860.534249
111.75,109,860.999497
114.25,109,861.475749
-9.25,47,861.65398
115.5,109,866.003173
114.25,109,866.48227
-8.75,47,866.689307
-8.0,47,866.904025
109.5,107,867.371848
-9.5,47,867.571889
115.25,109,868.018841
-8.0,47,868.212384
113.75,109,868.702409
113.5,109,869.190711
-9.25,47,869.380983
112.25,108,869.933575
-8.0,47,870.148884
-8.0,47,870.340342
-8.5,47,870.548106
-8.0,47,870.758585
-8.0,47,870.95549
108.0,107,871.394038
113.0,109,871.889966
110.0,107,872.309808
109.75,109,872.7711
-9.75,47,872.971284
113.5,109,873.397889
109.5,107,873.905113
-8.0,47,874.125255
113.25,109,879.113132
114.5,109,879.592913
114.0,109,880.067107
114.0,109,880.614737
113.25,109,881.084241
-8.75,47,881.325727
-8.5,47,881.546489
115.0,109,882.06197
-11.75,46,882.286191
113.0,109,882.764588
114.25,109,883.184657
110.5,107,883.62139
114.0,109,884.122661
110.25,107,884.606457
113.25,109,885.143776
113.5,109,885.652525
-8.5,47,885.881005
114.25,109,886.332809
112.25,109,886.834072
114.75,109,887.31023
112.25,109,887.775287
110.0,107,892.341771
112.5,109,892.828726
-8.0,47,893.038129
-8.75,47,893.263186
114.0,109,893.770947
114.5,109,894.24067
114.5,109,894.687469
113.75,109,895.136706
-8.5,47,895.366929
114.5,109,895.898531
-8.75,47,896.101863
-8.0,47,896.373335
112.0,109,896.92322
114.0,109,897.412422
-8.0,47,897.636276
-8.0,47,897.851741
-8.5,47,898.083218
-8.75,47,898.311503
111.5,109,898.827104
112.0,109,899.319884
113.5,109,899.839868
-9.0,47,900.070026
-8.0,47,900.307222
-8.75,47,900.514419
111.5,109,901.013627
113.75,109,901.43537
112.5,109,905.858149
113.25,109,906.367414
110.5,108,906.844212
113.25,109,907.332379
110.75,109,907.791069
116.0,109,908.321342
-9.0,47,908.505693
114.25,109,908.95943
-8.5,47,909.155491
-10.5,46,909.359163
113.75,109,909.820216
112.0,109,910.295419
110.25,107,910.767724
114.0,109,911.240842
114.5,109,911.722554
110.25,107,912.186716
-8.0,47,912.390282
110.75,107,912.843463
115.0,109,913.295209
-10.5,46,913.502903
114.5,109,913.964628
112.75,109,914.458606
-8.0,47,918.759504
113.75,109,919.270615
-8.5,47,919.47078
-8.5,47,919.714573
112.5,109,920.199775
112.0,108,920.669538
113.0,109,921.126778
-8.75,47,921.313352
-8.5,47,921.501059
110.0,107,921.978106
110.25,108,922.487847
109.75,108,922.978964
113.0,109,923.418182
-8.0,47,923.652273
111.5,109,924.152308
109.25,107,924.648257
-8.0,47,924.841353
114.25,109,925.279877
111.75,108,925.736182
-8.75,47,925.952073
111.0,108,926.443568
-8.75,47,926.656344
-8.0,47,926.880581
-8.0,47,927.085874
-8.0,47,927.32832
112.25,109,932.031319
112.0,109,932.491579
114.0,109,932.967639
111.25,108,933.432118
113.25,109,933.911801
107.5,107,934.385167
114.5,109,934.89222
109.5,107,935.362373
-8.75,47,935.56848
-8.75,47,935.842665
113.75,109,936.364943
-8.5,47,936.574406
111.0,107,937.174124
113.5,109,937.682533
-8.0,47,937.859314
114.0,109,938.31019
-12.0,46,938.526481
-8.0,47,938.737998
-9.25,47,938.953534
112.0,109,939.470023
-8.0,47,939.649052
110.0,108,940.222709
108.5,106,940.715159
-8.0,47,940.917571
113.5,109,945.881857
-8.0,47,946.101729
-8.0,47,946.316223
114.25,109,946.786591
111.25,108,947.242216
-8.0,47,947.449285
113.25,109,947.927966
110.75,107,948.37613
-8.75,47,948.583734
111.25,109,949.030579
-8.75,47,949.255559
110.25,107,949.722951
-8.75,47,949.916635
-8.0,47,950.107452
113.0,109,950.575338
-8.0,47,950.768775
-10.5,46,950.949701
113.0,109,951.420584
109.75,107,951.893098
113.5,109,952.411711
113.75,109,952.892791
-8.0,47,953.107129
113.25,109,953.561304
-10.5,46,953.754705
-8.75,47,953.964194
109.5,107,954.427378
111.25,109,958.864922
-8.0,47,959.097031
115.5,109,959.570435
114.0,109,960.071737
-8.0,47,960.282743
113.25,109,960.794206
115.0,110,961.333785
115.5,109,961.837594
-8.5,47,962.045932
111.5,109,962.518013
113.0,109,962.997339
-9.25,47,963.296978
-8.0,47,963.491872
110.75,107,963.966235
111.0,108,964.432933
114.0,109,965.016922
112.5,109,965.485759
-8.75,47,965.706387
-8.75,47,965.958516
-8.5,47,966.188639
109.75,107,966.650061
109.0,108,967.20994
111.5,108,967.684279
110.5,107,968.133501
110.25,107,972.719556
-8.0,47,972.98335
113.0,109,973.420428
113.25,109,973.930262
108.75,107,974.445077
-11.75,46,974.652748
-11.25,46,974.917808
113.25,109,975.423189
111.5,108,975.853791
111.0,108,976.304489
112.25,109,976.819516
-8.0,47,977.06546
-8.75,47,977.277292
110.75,107,977.76433
-9.25,47,977.963357
110.0,108,978.458262
110.25,108,978.941241
113.75,109,979.457774
111.25,107,979.960692
109.75,107,980.403827
111.5,108,980.86501
-8.0,47,981.135497
112.75,109,981.644677
-8.0,47,985.804512
111.75,109,986.32893
-8.0,47,986.527322
113.75,109,987.009825
-8.0,47,987.201729
-8.75,47,987.394504
113.75,109,987.874789
-8.0,47,988.07827
110.0,107,988.546787
113.5,109,989.028884
112.75,109,989.515558
114.25,109,990.065792
114.0,109,990.718096
-8.5,47,990.951643
115.5,109,991.437615
-11.25,46,991.626793
-9.25,47,991.856309
112.0,109,992.420115
-8.5,47,992.640275
112.25,109,993.091465
-9.5,47,993.287074
-9.0,47,993.505138
-8.0,47,993.734279
115.0,109,994.229338
113.5,108,994.689368
113.75,109,999.151787
-8.0,47,999.366634
-8.0,47,999.568876
113.75,109,1000.074309
111.0,107,1000.537459
-8.0,47,1000.775733
-8.0,47,1000.974073
-8.0,47,1001.163486
-9.25,47,1001.379536
109.75,109,1001.85974
-10.5,46,1002.063329
-8.0,47,1002.290946
113.0,109,1002.803714
-8.5,47,1003.034435
114.5,109,1003.582139
113.5,109,1004.101991
-8.0,47,1004.325378
111.5,107,1004.762029
113.0,109,1005.235466
-8.5,47,1005.440144
-9.25,47,1005.631913
-9.5,47,1005.83783
115.0,109,1006.347538
115.5,109,1006.820529
113.75,109,1007.284021
113.0,109,1007.791506
112.25,108,1012.960762
114.25,109,1013.41161
110.5,107,1013.911412
113.25,109,1014.372983
-8.0,47,1014.588406
111.75,109,1015.070372
110.75,107,1015.491635
112.25,109,1015.938246
111.5,108,1016.395054
112.5,110,1016.84521
114.5,109,1017.299195
113.5,109,1017.745166
109.5,107,1018.18739
110.0,107,1018.585823
-8.75,47,1018.772095
110.25,107,1019.246372
114.25,109,1019.777195
-8.5,47,1019.961105
-8.0,47,1020.185238
-9.75,47,1020.38283
110.75,109,1020.828554
-11.25,46,1021.020683
-8.75,47,1021.223556
115.5,109,1025.96683
-8.0,47,1026.167482
-9.0,47,1026.360152
115.0,109,1026.849678
-8.5,47,1027.065467
111.0,108,1027.556663
-8.75,47,1027.753424
114.5,109,1028.232032
-8.0,47,1028.476566
113.0,109,1029.003517
114.5,109,1029.459363
-9.0,47,1029.664415
-8.5,47,1029.852408
109.75,107,1030.326366
114.25,109,1030.83192
109.25,107,1031.335505
109.5,107,1031.788481
-9.0,47,1031.997819
113.25,109,1032.490264
111.5,108,1032.982355
-9.75,47,1033.20468
-10.5,46,1033.414745
111.25,108,1033.895115
109.75,108,1034.399219
114.25,109,1034.883949
114.0,109,1039.478718
-8.0,47,1039.707388
113.5,109,1040.180929
113.0,109,1040.621802
113.5,109,1041.051582
-10.5,46,1041.267985
111.5,107,1041.765931
112.5,108,1042.265731
110.5,107,1042.766695
113.75,109,1043.229241
-9.25,47,1043.446785
-8.0,47,1043.646633
-8.75,47,1043.877768
112.0,108,1044.349981
-8.75,47,1044.549953
-8.0,47,1044.75496
-8.0,47,1044.944556
113.25,109,1045.379076
110.5,107,1045.847043
-8.0,47,1046.038529
-9.75,47,1046.219494
112.0,107,1046.67299
113.0,109,1047.097434
-8.0,47,1047.297655
113.0,109,1047.818084
-9.0,47,1048.030405
-8.75,47,1052.627701
-8.5,47,1052.819447
113.0,109,1053.302924
-8.75,47,1053.530076
113.5,109,1054.001433
-9.25,47,1054.220995
111.0,108,1054.71771
-8.5,47,1054.916883
-8.0,47,1055.11647
113.75,109,1055.579816
-8.0,47,1055.784568
113.75,109,1056.255473
115.5,109,1056.708983
110.0,107,1057.204503
109.0,108,1057.669632
113.25,109,1058.109914
116.0,109,1058.630285
-8.0,47,1058.837848
-10.5,46,1059.080032
114.5,109,1059.669461
113.0,109,1060.153209
111.5,108,1060.612095
-8.0,47,1060.815815
-8.75,47,1061.004676
114.75,109,1061.503711
-8.0,47,1065.951925
110.0,107,1066.449534
-8.0,47,1066.674223
-8.75,47,1066.90523
110.25,107,1067.46865
114.25,109,1067.929499
108.75,107,1068.419533
111.5,109,1068.864202
-9.25,47,1069.042275
-8.0,47,1069.244456
109.5,107,1069.703053
114.0,109,1070.180052
-8.5,47,1070.388226
-8.0,47,1070.582052
-8.0,47,1070.784684
-9.25,47,1070.995123
112.0,109,1071.446785
-8.0,47,1071.659598
114.25,109,1072.130753
-8.5,47,1072.378603
108.0,107,1072.851299
114.75,109,1073.352305
109.0,107,1073.861711
112.5,109,1074.323409
113.25,109,1074.821605
113.25,109,1079.23376
109.25,107,1079.681432
-8.75,47,1079.904527
-8.75,47,1080.101059
114.75,109,1080.591924
111.5,107,1081.080703
113.0,108,1081.535445
115.0,109,1082.024671
112.75,109,1082.497713
114.0,109,1082.978687
114.0,109,1083.453846
110.25,109,1083.92896
113.5,109,1084.42114
-8.0,47,1084.600452
-8.5,47,1084.786958
113.0,109,1085.260534
114.5,109,1085.696916
112.0,109,1086.172758
-8.0,47,1086.366394
109.0,107,1086.917261
113.75,109,1087.373188
113.75,109,1087.841839
-8.0,47,1092.0825
-8.75,47,1092.30652
113.25,109,1092.769759
112.75,109,1093.236807
-8.5,47,1093.446632
114.5,109,1093.879604
111.0,109,1094.349517
114.5,109,1094.83786
-8.0,47,1095.052889
115.5,109,1095.532011
-8.5,47,1095.734331
-8.0,47,1095.968314
-8.0,47,1096.187794
-8.75,47,1096.402021
112.75,109,1096.971599
-8.0,47,1097.178771
113.0,109,1097.634527
115.5,109,1098.15766
110.5,107,1098.651372
113.5,109,1099.13884
115.0,109,1099.598248
114.25,109,1100.034571
114.5,109,1100.489713
-11.0,46,1100.676374
115.0,109,1105.20425
115.25,109,1105.665839
113.25,109,1106.086753
-8.0,47,1106.291717
-8.0,47,1106.494891
-10.5,46,1106.679903
113.5,109,1107.140495
113.25,109,1107.63619
111.25,109,1108.129545
112.5,109,1108.642357
112.5,108,1109.078236
114.25,109,1109.561378
113.25,109,1110.063933
-8.75,47,1110.278039
-10.5,46,1110.479383
-8.0,47,1110.697139
114.5,109,1111.164669
113.25,109,1111.658704
-8.0,47,1111.859433
-8.5,47,1112.123182
112.0,109,1112.582668
113.5,109,1113.083426
109.5,107,1113.60385
-8.0,47,1113.83476
113.5,109,1118.713604
113.0,109,1119.211422
114.5,109,1119.713935
108.5,107,1120.193484
113.25,109,1120.680456
-11.25,46,1120.876769
-8.75,47,1121.114168
112.75,109,1121.5773
112.5,108,1122.028441
-8.5,47,1122.221668
-8.0,47,1122.438891
113.25,109,1122.890235
-8.0,47,1123.103501
115.0,109,1123.590403
112.75,109,1124.073751
-8.75,47,1124.284229
115.5,109,1124.705621
115.25,109,1125.139967
-10.5,46,1125.315225
-8.0,47,1125.510751
112.25,109,1125.9841
-8.0,47,1126.189281
110.0,107,1126.656913
114.0,109,1127.149788
114.0,109,1131.719222
116.25,110,1132.22667
-8.0,47,1132.43045
-8.0,47,1132.652651
109.75,107,1133.155118
112.5,108,1133.627203
113.5,108,1134.10682
-8.75,47,1134.303782
114.0,109,1134.781964
111.0,107,1135.26414
113.5,109,1135.714473
-8.75,47,1135.900938
112.0,107,1136.352007
-8.5,47,1136.540398
114.25,109,1137.021023
114.5,109,1137.474737
115.5,109,1137.95908
-8.75,47,1138.145437
-11.25,46,1138.334706
114.5,109,1138.883812
112.0,109,1139.384387
109.75,107,1139.852385
-8.75,47,1140.060226
-8.0,47,1140.251652
113.5,109,1144.849694
-8.0,47,1145.062747
115.25,109,1145.561801
113.75,109,1146.035636
-8.0,47,1146.248024
-8.0,47,1146.443894
111.5,109,1146.918838
111.0,107,1147.39468
-8.0,47,1147.604684
-8.5,47,1147.783082
115.5,109,1148.254246
-8.0,47,1148.449876
-8.5,47,1148.690035
116.0,109,1149.177612
-8.0,47,1149.394142
115.5,109,1149.867831
112.0,108,1150.354315
111.75,108,1150.833487
115.0,109,1151.321871
114.75,109,1151.784505
109.25,107,1152.259722
-11.0,46,1152.453651
114.25,109,1152.924486
115.5,109,1153.398689
115.25,109,1158.082858
-8.0,47,1158.295993
-9.25,47,1158.519985
113.75,109,1159.129519
111.0,107,1159.585239
-9.25,47,1159.775795
-8.0,47,1159.984679
114.0,109,1160.551502
-10.75,47,1160.8557
114.25,109,1161.34033
111.25,108,1161.840861
-8.5,47,1162.063963
112.75,109,1162.490893
112.75,108,1162.954078
-9.0,47,1163.14254
115.5,109,1163.58125
115.5,109,1164.086209
115.5,109,1164.583971
114.25,109,1165.020262
-8.0,47,1165.229801
109.25,107,1165.692436
-8.5,47,1165.906207
-8.75,47,1166.106335
113.0,108,1166.548146
113.5,109,1167.011386
-9.0,47,1171.240508
-8.0,47,1171.450562
-8.0,47,1171.618028
110.75,107,1172.093236
114.25,109,1172.658038
-8.5,47,1172.860544
-10.5,46,1173.058364
-8.0,47,1173.267761
113.25,109,1173.768255
114.0,109,1174.218157
113.5,109,1174.637388
-8.0,47,1174.851556
112.25,109,1175.308195
-8.75,47,1175.509018
113.25,109,1175.943095
110.5,107,1176.425684
111.25,108,1176.927544
110.5,108,1177.394241
-8.0,47,1177.611396
110.5,107,1178.113916
113.5,108,1178.637113
113.5,109,1179.169592
109.5,107,1179.645504
-10.5,46,1179.847731
114.0,109,1184.469072
114.25,109,1184.913107
110.0,107,1185.466293
110.75,108,1185.950999
-8.0,47,1186.156149
111.0,108,1186.651654
-8.0,47,1186.870373
-8.75,47,1187.074505
-8.0,47,1187.301695
114.5,109,1187.793433
-9.25,47,1188.008441
111.5,108,1188.464293
114.25,109,1188.961686
-8.0,47,1189.164116
109.5,107,1189.643455
-10.5,46,1189.851255
114.5,109,1190.330501
110.0,107,1190.797302
-8.75,47,1191.087563
-11.25,46,1191.298278
-8.0,47,1191.489259
-8.0,47,1191.696688
115.25,109,1192.20219
110.25,107,1192.718613
111.0,107,1193.217213
114.75,109,1197.831064
-8.0,47,1198.090827
-8.5,47,1198.294559
-8.0,47,1198.524639
110.25,107,1199.010822
112.0,109,1199.491027
114.75,109,1199.938207
108.75,107,1200.427032
-10.5,46,1200.740299
112.75,109,1201.211437
111.0,107,1201.675906
-9.25,47,1201.890801
-8.5,47,1202.090129
-8.5,47,1202.334152
-8.0,47,1202.567703
-8.0,47,1202.76614
113.0,109,1203.238341
114.75,109,1203.731986
114.0,109,1204.233194
114.5,109,1204.730964
-8.0,47,1204.938632
-8.75,47,1205.128848
-8.5,47,1205.347696
-8.0,47,1205.552575
113.75,109,1206.045647
107.75,107,1206.546458
-8.5,47,1206.751098
-10.5,46,1206.978243
111.75,108,1211.531407
114.75,109,1212.058971
112.5,109,1212.556807
114.75,109,1213.062795
109.5,107,1213.571981
-8.0,47,1213.770462
109.5,107,1214.305759
113.0,109,1214.780609
115.0,109,1215.260005
109.5,107,1215.75122
113.5,109,1216.212857
-9.5,47,1216.431506
110.5,108,1216.919004
-8.0,47,1217.126746
114.75,109,1217.624613
-10.5,46,1217.814657
115.5,109,1218.292633
114.75,109,1218.71219
113.25,109,1219.19492
-8.5,47,1219.389753
-11.0,46,1219.614406
-8.0,47,1219.820477
-8.5,47,1220.010178
-8.0,47,1220.199648
113.5,109,1224.391761
-8.75,47,1224.597398
112.5,109,1225.097943
-9.0,47,1225.294018
114.0,109,1225.78134
113.5,109,1226.280805
114.75,109,1226.805404
113.5,109,1227.297223
-9.25,47,1227.50132
-8.0,47,1227.695484
-8.5,47,1227.905864
-8.0,47,1228.093564
113.75,109,1228.615213
108.75,107,1229.075729
112.0,107,1229.572458
-8.0,47,1229.771346
110.75,108,1230.26238
112.25,108,1230.745885
-8.0,47,1230.968007
111.0,107,1231.448244
112.75,109,1232.059801
109.75,107,1232.556842
-8.0,47,1232.761539
112.0,108,1233.257813
-8.75,47,1237.25889
114.5,109,1237.770998
111.0,108,1238.229837
-8.75,47,1238.460747
113.25,109,1238.940494
-8.0,47,1239.189745
115.0,109,1239.666322
112.75,109,1240.183281
-8.0,47,1240.415038
-8.0,47,1240.610999
114.5,109,1241.053488
-8.0,47,1241.270957
112.25,109,1241.753988
113.5,109,1242.250375
113.75,109,1242.752751
115.5,109,1243.262812
110.75,109,1243.686203
114.5,109,1244.127004
113.0,109,1244.640562
-8.0,47,1244.856157
111.25,107,1245.371701
109.25,108,1245.890524
114.0,109,1246.393031
112.25,108,1251.089444
-8.5,47,1251.303264
110.25,107,1251.810165
113.25,109,1252.34131
114.5,109,1252.789471
-10.5,46,1252.996822
113.5,109,1253.454279
111.5,107,1253.892586
-8.75,47,1254.090979
115.5,109,1254.549816
114.0,108,1255.003543
115.25,109,1255.495098
-8.75,47,1255.664122
-11.0,46,1255.838779
112.5,109,1256.332442
113.75,109,1256.812889
-8.0,47,1257.019096
111.0,108,1257.569281
-8.75,47,1257.763701
-9.0,47,1257.999986
-8.75,47,1258.209475
-10.5,46,1258.466943
-8.0,47,1258.679033
112.0,109,1259.172529
114.5,109,1259.618338
111.25,109,1264.43013
115.0,109,1264.907483
-8.0,47,1265.13296
-8.0,47,1265.378621
110.75,107,1265.825832
110.5,108,1266.257612
115.0,109,1266.834554
115.0,109,1267.289179
111.0,107,1267.782207
114.0,109,1268.258123
115.0,109,1268.770831
112.75,109,1269.331975
-8.0,47,1269.522249
107.0,107,1270.015321
109.5,107,1270.498274
109.75,107,1270.9875
113.5,108,1271.544425
-8.0,47,1271.734036
110.0,107,1272.224753
113.25,109,1272.722543
112.0,108,1273.184637
-9.25,47,1277.345967
111.25,108,1277.831184
114.25,109,1278.43529
115.25,109,1278.903519
113.25,109,1279.367478
113.5,109,1279.869431
113.0,108,1280.324891
-8.75,47,1280.527923
110.25,107,1281.006608
115.0,109,1281.48209
-8.0,47,1281.696609
113.75,109,1282.172099
114.0,109,1282.638817
115.25,109,1283.08848
115.0,109,1283.587685
-11.25,46,1283.778482
109.75,107,1284.257273
112.5,108,1284.744473
114.75,109,1285.222833
-8.5,47,1285.419424
-8.0,47,1285.642758
-8.75,47,1285.839471
-9.75,47,1286.051295
112.0,108,1290.800792
114.75,109,1291.199808
113.5,109,1291.682688
114.0,109,1292.158507
114.25,109,1292.637953
114.0,109,1293.123032
-8.0,47,1293.327044
-8.0,47,1293.554816
-8.75,47,1293.721479
-8.5,47,1293.930551
-8.0,47,1294.128425
114.25,109,1294.600296
-8.0,47,1294.808648
-8.5,47,1295.013129
114.5,109,1295.520371
114.0,109,1296.047657
113.75,109,1296.52712
-8.75,47,1296.735915
112.0,109,1297.220186
112.25,109,1297.713881
-8.75,47,1297.946481
114.5,109,1298.43589
114.25,109,1298.945063
-8.75,47,1299.140758
-8.0,47,1299.348564
109.5,107,1304.137395
-8.0,47,1304.360433
113.0,109,1304.858928
114.0,109,1305.315357
114.75,109,1305.755271
110.5,108,1306.257716
113.25,108,1306.740711
115.0,109,1307.272635
-8.0,47,1307.526045
-8.0,47,1307.7264
-8.5,47,1307.962229
115.0,109,1308.440954
113.5,109,1308.904466
113.25,109,1309.421117
-8.5,47,1309.64863
-9.0,47,1309.862198
-8.75,47,1310.060494
-8.0,47,1310.239598
-8.0,47,1310.433394
112.0,107,1310.882367
115.25,109,1311.388821
-8.0,47,1311.610432
-8.0,47,1311.787239
-8.5,47,1311.982439
114.25,109,1312.516078
114.5,109,1312.967834
111.5,108,1317.67517
-8.0,47,1317.883726
-8.0,47,1318.101847
-8.5,47,1318.337962
-8.5,47,1318.557988
-9.25,47,1318.768692
-10.5,46,1318.970856
114.0,109,1319.443735
113.5,109,1319.91562
113.25,109,1320.380424
113.0,109,1320.832263
115.0,109,1321.284439
114.5,109,1321.767325
111.0,107,1322.274936
114.5,109,1322.770815
-8.0,47,1323.061524
113.25,109,1323.55255
-8.0,47,1323.762034
112.25,108,1324.163674
114.0,109,1324.648799
-8.0,47,1324.876118
110.25,107,1325.338271
114.25,109,1325.799246
110.25,107,1326.246144
111.25,107,1331.060315
-9.5,47,1331.257661
114.0,109,1331.735006
-8.75,47,1331.95007
115.0,109,1332.537516
112.5,108,1332.999065
113.75,109,1333.526054
-8.5,47,1333.740896
-8.0,47,1333.934627
-8.0,47,1334.149841
-8.75,47,1334.357387
116.0,110,1334.899808
111.0,109,1335.384601
114.5,109,1335.887339
116.25,110,1336.37556
111.5,107,1336.83954
-8.0,47,1337.04303
109.5,108,1337.495978
-8.0,47,1337.691549
112.25,109,1338.147515
112.5,108,1338.631826
-10.5,46,1338.829268
-8.75,47,1339.075493
-9.0,47,1339.328039
111.5,107,1339.807327
110.75,107,1344.205677
111.75,109,1344.676977
111.5,108,1345.105002
112.5,108,1345.599257
113.0,108,1346.058372
-10.5,46,1346.235592
109.75,107,1346.678633
-8.0,47,1346.892595
113.5,109,1347.378623
110.5,107,1347.87211
113.5,108,1348.340025
115.0,109,1348.830712
111.75,108,1349.313337
114.0,109,1349.837831
108.5,107,1350.322674
114.75,109,1350.851769
-8.5,47,1351.113211
112.0,107,1351.602107
-9.25,47,1351.827379
-9.25,47,1352.063691
115.0,109,1352.578788
114.5,109,1353.046767
112.75,109,1357.453016
114.25,109,1357.911117
-8.75,47,1358.100385
-8.0,47,1358.334814
-8.0,47,1358.57321
108.75,107,1359.067731
114.75,109,1359.53069
113.0,109,1360.035657
-8.0,47,1360.261633
114.0,109,1360.779382
114.25,109,1361.316474
110.75,107,1361.819746
-10.5,46,1362.050345
111.5,109,1362.610564
112.75,108,1363.160459
110.75,107,1363.687869
114.0,109,1364.189497
113.75,109,1364.643656
-8.5,47,1364.869243
116.0,109,1365.363952
111.25,108,1365.867265
114.5,109,1366.387071
-8.0,47,1366.598188
114.75,109,1371.120578
110.25,109,1371.601081
112.0,107,1372.051804
114.25,109,1372.588243
110.25,107,1373.074418
-11.25,46,1373.267201
110.25,107,1373.766169
112.75,109,1374.306216
110.0,107,1374.786985
-8.0,47,1374.973504
-8.0,47,1375.179062
109.5,107,1375.715389
-8.0,47,1375.969779
-8.0,47,1376.158862
110.25,107,1376.642332
-8.0,47,1376.839933
112.0,107,1377.301158
116.0,109,1377.813831
115.0,109,1378.302722
113.25,109,1378.75003
113.25,109,1379.211571
114.25,109,1379.732961
113.75,109,1384.303098
114.5,109,1384.794725
114.5,109,1385.313431
113.0,109,1385.778811
112.5,108,1386.280457
112.75,108,1386.838634
111.0,107,1387.339786
-8.0,47,1387.544368
112.5,108,1388.021022
115.0,109,1388.509174
115.25,109,1389.016341
111.25,107,1389.469251
-8.5,47,1389.693468
114.25,109,1390.263389
-8.0,47,1390.498495
-8.0,47,1390.714723
113.0,109,1391.280174
-11.0,46,1391.478179
114.0,109,1391.957356
113.25,109,1392.455646
-8.0,47,1392.661982
-8.0,47,1392.859998
-8.5,47,1393.086951
113.5,109,1397.666284
-8.0,47,1397.899667
-8.75,47,1398.107744
113.5,109,1398.573076
110.0,107,1399.034695
110.25,107,1399.560619
-8.0,47,1399.765891
113.5,109,1400.261145
114.75,109,1400.733494
113.0,109,1401.166814
111.5,107,1401.601301
110.75,107,1402.08219
-8.5,47,1402.300613
111.75,108,1402.764364
110.75,107,1403.185261
111.5,108,1403.649684
109.75,107,1404.127134
113.5,109,1404.583806
112.75,109,1405.168021
-8.0,47,1405.403674
113.75,109,1405.922668
114.0,109,1406.456623
113.5,109,1411.589603
-8.0,47,1411.797989
111.25,107,1412.29053
115.5,109,1412.788321
-9.0,47,1412.994495
116.0,109,1413.51614
-9.0,47,1413.725178
114.0,109,1414.212249
-9.75,47,1414.395608
114.75,109,1414.825427
115.5,109,1415.336244
109.75,107,1415.851672
115.0,109,1416.329363
115.0,109,1416.811563
115.0,109,1417.27524
113.75,109,1417.695434
114.0,109,1418.171846
-9.0,47,1418.490611
-8.5,47,1418.692594
-8.0,47,1418.88836
114.5,109,1419.378979
-8.5,47,1419.57592
114.25,109,1420.065789
-8.0,47,1420.277821
108.5,107,1425.194855
114.75,109,1425.658468
-8.0,47,1425.859345
114.0,109,1426.354024
-8.0,47,1426.550712
-8.0,47,1426.754232
112.75,109,1427.225542
-8.75,47,1427.412859
114.5,109,1427.901211
-11.25,46,1428.106598
115.5,109,1428.628757
-8.0,47,1428.809821
110.5,107,1429.308495
115.25,109,1429.828063
113.0,109,1430.326599
110.25,107,1430.766435
-9.5,47,1430.975044
114.75,109,1431.432382
114.75,109,1431.932224
112.0,108,1432.395552
112.5,108,1432.906319
-8.5,47,1433.127856
111.5,107,1433.618926
109.25,106,1434.120525
114.25,109,1438.767184
110.75,107,1439.296748
114.5,109,1439.82664
-8.0,47,1440.061543
114.75,109,1440.566052
-8.0,47,1440.803796
109.5,107,1441.281765
114.0,109,1441.812404
111.0,107,1442.295406
109.75,107,1442.787803
-8.0,47,1442.990893
-8.0,47,1443.208358
-8.0,47,1443.421422
113.0,108,1443.868092
115.0,109,1444.343822
111.0,109,1444.835351
115.5,109,1445.379086
-9.0,47,1445.582599
114.0,109,1446.09234
114.25,109,1446.601965
-11.25,46,1446.80592
-8.0,47,1447.019503
115.0,109,1447.476167
-8.0,47,1447.689232
114.75,109,1452.42181
-8.0,47,1452.614394
113.5,109,1453.08436
116.0,109,1453.630139
115.0,109,1454.140717
-8.0,47,1454.344648
-8.0,47,1454.545482
110.75,107,1455.01514
111.25,109,1455.485911
-8.0,47,1455.679294
112.5,108,1456.142066
114.25,109,1456.619281
111.0,107,1457.194203
114.25,109,1457.76282
-8.5,47,1457.974279
114.5,109,1458.445344
113.75,109,1458.892932
114.5,109,1459.409314
111.5,107,1459.86807
114.5,109,1460.272901
114.5,109,1460.824493
-8.0,47,1461.020485
108.75,107,1465.864449
113.5,109,1466.318998
110.0,107,1466.79127
-10.0,47,1466.989671
110.0,107,1467.484545
-8.0,47,1467.673903
108.0,106,1468.121264
-8.0,47,1468.339652
116.0,109,1468.825305
114.5,109,1469.251388
-8.0,47,1469.471282
113.5,109,1469.931932
115.0,109,1470.405855
-8.0,47,1470.621794
113.75,109,1471.11671
115.0,109,1471.583627
115.25,110,1472.035308
111.25,107,1472.464422
112.75,108,1472.931802
106.5,106,1473.41179
114.0,109,1473.887511
-8.5,47,1474.099535
-10.25,47,1474.343555
113.25,109,1478.888309
112.0,107,1479.361731
115.5,109,1479.867948
-8.0,47,1480.069848
115.25,109,1480.607474
-8.0,47,1480.812249
-8.0,47,1481.014719
113.0,109,1481.504899
115.0,109,1482.055552
-8.0,47,1482.295749
112.75,109,1482.775767
-8.0,47,1482.97828
113.25,109,1483.442321
108.0,107,1483.945616
-9.25,47,1484.173838
114.25,109,1484.634912
-8.0,47,1484.847719
114.25,109,1485.351148
112.25,108,1485.803231
-8.0,47,1486.008602
113.0,109,1486.583895
111.25,109,1487.074423
112.25,109,1487.543805
-8.0,47,1487.740034
110.5,107,1492.016449
-8.0,47,1492.206511
-8.0,47,1492.423137
-8.0,47,1492.622124
109.0,107,1493.101956
115.25,109,1493.599175
115.5,109,1494.094635
114.75,109,1494.608745
112.25,109,1495.105524
114.0,109,1495.593174
110.75,107,1496.07338
110.0,107,1496.623274
111.0,109,1497.074094
115.0,109,1497.606918
111.25,107,1498.092813
-8.0,47,1498.296588
112.25,109,1498.774309
114.5,109,1499.247507
116.0,109,1499.722335
114.0,109,1500.169065
115.0,109,1500.620751
115.5,109,1505.533548
115.5,109,1505.992342
114.5,109,1506.444785
-8.0,47,1506.651846
115.5,109,1507.119033
114.5,109,1507.652255
115.0,109,1508.097379
-8.0,47,1508.293434
115.5,109,1508.784638
-8.0,47,1508.991274
115.0,109,1509.462818
115.5,109,1509.973804
112.75,109,1510.446399
114.75,109,1510.938853
113.0,109,1511.424159
-8.0,47,1511.644731
-8.0,47,1511.847075
-10.5,46,1512.040272
111.25,107,1512.534951
111.5,108,1513.039483
117.0,110,1513.544603
-8.75,47,1513.760629
-8.0,47,1513.938427
113.75,109,1518.594683
114.25,109,1519.12399
115.0,109,1519.62041
-11.25,46,1519.795906
-8.0,47,1519.993669
-8.0,47,1520.197009
-8.75,47,1520.394887
-9.25,47,1520.615997
112.75,108,1521.076875
111.5,108,1521.558022
-8.0,47,1521.861684
-10.5,46,1522.07501
113.75,109,1522.623319
-8.5,47,1522.790345
-9.25,47,1522.982459
111.0,107,1523.422849
-8.0,47,1523.729649
-8.0,47,1523.927436
-8.0,47,1524.123689
110.5,108,1524.600971
-8.0,47,1524.821888
108.0,107,1525.293992
-8.5,47,1525.490766
-8.0,47,1525.703804
-8.0,47,1525.892626
114.0,109,1526.365298
108.75,107,1526.824625
-8.5,47,1527.035002
-8.75,47,1527.237803
-8.0,47,1527.43799
109.25,107,1532.213923
-8.75,47,1532.407032
-10.5,46,1532.629695
-8.0,47,1532.819122
114.5,109,1533.301279
111.0,107,1533.818676
-8.5,47,1534.012155
-8.75,47,1534.211278
-8.5,47,1534.404631
114.0,109,1534.867508
113.75,109,1535.376172
115.5,109,1535.900756
110.0,107,1536.48142
115.5,109,1536.96174
114.0,109,1537.430691
114.25,109,1537.8912
111.75,109,1538.338188
-8.75,47,1538.531813
115.0,109,1539.105456
114.0,109,1539.614619
-8.0,47,1539.822398
114.25,109,1540.309774
114.25,109,1540.825029
110.75,107,1545.620958
112.5,108,1546.079008
-8.0,47,1546.308717
-8.5,47,1546.488643
114.75,109,1546.943472
-8.0,47,1547.163487
-8.0,47,1547.377133
113.0,109,1547.903362
-8.0,47,1548.096649
115.5,109,1548.572973
-8.75,47,1548.76695
-8.5,47,1548.96724
115.0,109,1549.440828
-10.5,46,1549.634526
-8.5,47,1549.83935
109.75,107,1550.29094
110.0,107,1550.735017
-8.5,47,1550.933791
113.0,109,1551.353178
-8.0,47,1551.550785
-8.0,47,1551.758656
-8.5,47,1551.966633
-8.0,47,1552.191912
110.75,108,1552.64647
113.0,109,1553.087351
-8.0,47,1553.277859
115.0,109,1553.744918
112.5,108,1554.211518
-8.0,47,1558.522229
110.25,108,1558.95611
-8.0,47,1559.13902
109.0,107,1559.569007
114.25,109,1560.033655
-8.0,47,1560.215598
-8.0,47,1560.406234
108.5,107,1560.918968
111.5,107,1561.390971
114.25,109,1561.894436
-9.5,47,1562.105732
-8.75,47,1562.35769
110.25,107,1562.840868
112.5,109,1563.3516
112.75,109,1563.823985
110.25,107,1564.273374
-8.5,47,1564.514882
116.0,109,1564.966766
114.75,109,1565.463546
109.25,107,1565.934492
107.75,107,1566.38444
-8.0,47,1566.612275
112.25,109,1567.055926
-8.75,47,1567.278509
110.0,107,1571.782823
-8.0,47,1571.982099
-8.0,47,1572.19584
-8.0,47,1572.401584
114.75,109,1572.854136
-8.75,47,1573.081337
110.25,109,1573.667647
-8.0,47,1573.861874
-8.0,47,1574.05736
-8.0,47,1574.286784
-8.0,47,1574.523481
114.75,109,1574.988927
113.0,109,1575.499545
112.5,109,1576.045111
112.25,109,1576.520916
113.0,109,1576.964299
113.25,109,1577.422633
-8.0,47,1577.634814
112.5,109,1578.129809
113.0,109,1578.616274
109.75,107,1579.111865
109.5,107,1579.614167
111.25,109,1580.101519
114.25,109,1580.514979
-8.0,47,1584.66512
-9.0,47,1584.866691
114.0,109,1585.365361
-8.0,47,1585.622262
112.75,109,1586.11843
109.5,107,1586.581683
112.5,109,1587.060185
-8.75,47,1587.261134
110.5,107,1587.773828
113.0,109,1588.290086
-8.0,47,1588.492898
112.0,109,1589.000233
114.25,109,1589.487695
-8.0,47,1589.670267
-8.0,47,1589.863635
114.0,109,1590.332752
115.0,109,1590.894506
113.5,109,1591.386454
-8.0,47,1591.610742
111.5,107,1592.104514
-8.0,47,1592.30826
113.25,109,1592.802266
108.0,107,1593.268376
112.5,109,1593.798639
114.5,109,1598.385759
113.75,109,1598.854135
-8.0,47,1599.077385
-8.75,47,1599.283241
-8.0,47,1599.476365
-8.0,47,1599.692752
-8.0,47,1599.876536
-8.0,47,1600.100844
111.25,108,1600.60657
112.75,109,1601.077173
-8.0,47,1601.26719
-8.0,47,1601.486683
112.5,109,1601.946835
112.75,108,1602.392431
-8.0,47,1602.612106
110.5,108,1603.118327
-8.5,47,1603.331731
114.0,109,1603.802197
-9.0,47,1603.99858
113.5,109,1604.487823
-8.0,47,1604.695695
109.0,107,1605.141416
110.5,107,1605.619594
-8.0,47,1605.838557
113.75,109,1606.32135
-8.0,47,1606.537838
-10.5,46,1606.730364
-9.0,47,1606.94168
110.25,107,1611.503535
-8.0,47,1611.728862
109.5,108,1612.185378
113.0,109,1612.664921
111.5,109,1613.09815
-8.0,47,1613.286352
115.0,109,1613.782486
-8.0,47,1613.999075
111.25,109,1614.530075
107.5,107,1615.09229
-8.0,47,1615.316947
110.75,108,1615.76405
-8.0,47,1615.983194
-8.75,47,1616.162204
114.5,109,1616.631656
-8.5,47,1616.861258
111.75,109,1617.376185
111.25,108,1617.841017
113.5,109,1618.338639
113.0,109,1618.879182
-8.0,47,1619.111689
108.75,107,1619.597754
112.25,109,1620.056217
114.0,109,1624.678091
108.25,107,1625.178216
-8.0,47,1625.419772
112.0,107,1625.926473
-8.0,47,1626.140231
113.25,109,1626.616447
114.0,108,1627.148396
-8.0,47,1627.354353
-8.5,47,1627.584149
-8.5,47,1627.783565
-8.0,47,1628.01534
111.25,109,1628.484221
-8.0,47,1628.697631
114.0,109,1629.247287
116.0,109,1629.696476
114.75,109,1630.200398
114.25,109,1630.672013
114.75,109,1631.13637
-8.0,47,1631.376701
114.0,109,1631.959925
113.0,109,1632.393645
112.75,108,1632.847722
114.25,109,1633.332051
110.0,107,1633.78191
-8.0,47,1637.938109
114.0,109,1638.387971
-9.5,47,1638.597636
-8.0,47,1638.788253
107.75,106,1639.252364
-8.0,47,1639.464098
114.0,109,1639.946857
112.25,109,1640.388791
-10.5,46,1640.595508
-8.0,47,1640.783781
110.0,107,1641.230347
110.25,107,1641.690349
115.0,109,1642.278437
110.0,107,1642.757517
115.0,109,1643.277521
-9.25,47,1643.480033
114.0,109,1643.960566
-8.0,47,1644.168594
112.0,109,1644.618083
-8.0,47,1644.838261
-8.5,47,1645.052627
114.5,109,1645.544412
-8.0,47,1645.77633
115.5,109,1646.204499
112.0,109,1646.688951
-8.0,47,1650.899816
-8.0,47,1651.137347
-8.75,47,1651.360304
112.75,109,1651.918203
114.0,109,1652.428624
-8.0,47,1652.632246
114.5,109,1653.210572
114.25,109,1653.755464
111.0,109,1654.232598
115.0,109,1654.720476
-8.0,47,1654.924448
110.75,107,1655.391233
113.75,109,1656.012007
109.25,107,1656.514623
-10.5,46,1656.713669
-10.5,46,1656.899399
109.75,107,1657.399037
-8.75,47,1657.602359
114.25,109,1658.096951
115.0,109,1658.585687
109.5,108,1659.070021
113.5,109,1659.547265
-8.0,47,1659.738729
-8.0,47,1659.930506
115.0,109,1664.26077
-8.5,47,1664.476176
-8.0,47,1664.670318
-8.0,47,1664.872631
111.75,109,1665.369876
114.75,109,1665.864676
112.0,109,1666.345068
114.0,109,1666.820619
-9.0,47,1667.026096
-8.5,47,1667.224539
114.5,110,1667.71296
-8.0,47,1667.927752
113.0,109,1668.361252
112.5,109,1668.833141
112.0,109,1669.333268
-8.0,47,1669.528595
-8.0,47,1669.75516
107.75,107,1670.228438
-8.0,47,1670.441553
-8.0,47,1670.623353
111.0,108,1671.073385
114.25,109,1671.543608
111.25,109,1671.98789
113.75,109,1672.458343
109.0,107,1672.901124
-8.0,47,1677.071781
-8.0,47,1677.257007
109.75,107,1677.700092
110.75,107,1678.16639
113.25,109,1678.644492
112.5,109,1679.11687
-8.75,47,1679.310455
-8.75,47,1679.521027
113.5,109,1679.980038
-8.0,47,1680.173946
115.5,109,1680.629309
-8.0,47,1680.839594
115.0,109,1681.342602
-8.0,47,1681.539202
113.0,109,1682.017411
-8.0,47,1682.258933
113.5,109,1682.722157
108.5,107,1683.213759
-8.0,47,1683.415242
-8.0,47,1683.633728
114.75,109,1684.11397
-8.0,47,1684.314831
-11.25,46,1684.520807
110.25,107,1684.968303
-8.0,47,1685.191711
-8.75,47,1685.395426
113.25,109,1685.926353
-8.5,47,1690.14164
-10.5,47,1690.359807
112.5,109,1690.860425
109.25,107,1691.316883
-8.0,47,1691.522916
109.5,107,1692.001007
113.25,109,1692.491375
-11.5,46,1692.677613
112.25,109,1693.108597
112.75,109,1693.591428
-8.0,47,1693.792551
113.25,109,1694.297875
112.25,109,1694.792818
-8.0,47,1695.009422
-8.75,47,1695.204855
-8.0,47,1695.383965
114.25,109,1695.86681
-8.0,47,1696.074498
113.5,109,1696.501517
112.75,109,1696.970447
110.25,107,1697.446376
-8.0,47,1697.646019
-8.0,47,1697.842603
-8.0,47,1698.047834
-8.75,47,1698.247452
112.5,108,1698.70829
111.75,109,1703.27882
-8.75,47,1703.476991
-8.0,47,1703.653939
114.5,109,1704.086305
111.5,109,1704.538002
-8.5,47,1704.75083
-8.0,47,1704.951314
110.0,107,1705.392948
-8.5,47,1705.578346
-8.75,47,1705.787498
114.0,109,1706.272787
-8.0,47,1706.468204
-8.0,47,1706.670053
-8.5,47,1706.89345
-8.0,47,1707.109692
-8.5,47,1707.303876
115.5,109,1707.762691
112.0,108,1708.256639
-8.0,47,1708.447577
110.5,107,1708.98372
114.25,109,1709.519993
115.5,109,1710.012457
115.0,109,1710.50197
110.25,107,1710.954732
115.0,109,1711.452318
113.75,109,1712.043035
110.5,107,1716.350292
110.25,107,1716.815622
-8.0,47,1717.134454
-8.5,47,1717.339854
110.25,107,1717.811342
113.75,109,1718.279723
114.25,109,1718.758783
112.75,109,1719.257689
-8.0,47,1719.448871
113.0,109,1719.915972
113.5,109,1720.35528
112.75,108,1720.803971
114.25,109,1721.307729
-9.25,47,1721.483504
113.0,108,1721.915502
113.5,109,1722.3473
109.25,107,1722.783365
-8.0,47,1722.980789
-8.0,47,1723.177572
113.0,108,1723.638961
113.75,109,1724.075207
-8.5,47,1724.28116
112.75,109,1729.067832
113.0,109,1729.546623
111.25,109,1730.003361
-8.0,47,1730.19373
114.25,109,1730.702799
109.5,107,1731.142875
113.75,109,1731.604482
-8.0,47,1731.875944
111.5,108,1732.350406
109.5,107,1732.836682
113.25,109,1733.410077
115.0,109,1733.894752
114.5,109,1734.448357
-8.0,47,1734.6866
109.25,107,1735.159737
-8.5,47,1735.40572
112.5,109,1735.883709
113.5,109,1736.484297
115.0,109,1736.950841
-8.0,47,1737.172288
113.25,109,1737.673977
112.5,109,1738.158306
113.5,109,1742.731138
113.5,109,1743.247664
111.5,108,1743.731202
112.25,108,1744.288151
114.0,109,1744.805164
114.25,109,1745.280952
115.0,109,1745.751042
113.75,109,1746.21274
112.25,109,1746.68928
113.25,109,1747.172526
113.75,109,1747.66969
109.5,108,1748.119931
-8.5,47,1748.311761
-8.0,47,1748.546341
111.5,108,1749.004829
-9.0,47,1749.225077
114.0,109,1749.726306
-8.0,47,1749.924343
114.5,109,1750.4066
113.75,109,1750.870429
110.25,107,1751.332717
-8.75,47,1751.539029
-8.5,47,1755.693377
114.25,109,1756.17451
111.5,109,1756.671575
-8.0,47,1756.868479
-8.0,47,1757.068124
109.75,107,1757.545502
-8.0,47,1757.747681
115.0,109,1758.181832
113.5,109,1758.642651
109.0,107,1759.105111
-8.0,47,1759.356654
114.0,109,1759.846194
113.5,109,1760.34786
-8.0,47,1760.532006
113.25,109,1760.978731
113.75,109,1761.44439
109.75,107,1761.897382
112.75,109,1762.356496
114.75,109,1762.843099
113.75,109,1763.324244
112.0,109,1763.850994
-8.5,47,1764.024081
-8.0,47,1764.209772
114.0,109,1768.609876
111.75,109,1769.041158
-8.75,47,1769.265697
113.25,109,1769.836111
109.25,107,1770.315161
-9.25,47,1770.545467
-8.75,47,1770.84319
-8.0,47,1771.055146
114.0,109,1771.558186
110.75,108,1772.012378
-8.0,47,1772.278286
115.25,109,1772.748771
114.25,109,1773.293693
-8.0,47,1773.478702
-8.0,47,1773.703188
-8.75,47,1773.892936
108.75,107,1774.396337
112.5,109,1774.902955
-8.0,47,1775.077434
-9.5,47,1775.257823
110.25,109,1775.701831
-9.0,47,1775.910483
113.25,109,1776.369953
-8.0,47,1776.592613
111.75,109,1777.010955
112.25,109,1777.504556
113.25,109,1781.996372
111.5,108,1782.495335
112.5,109,1782.98521
110.5,107,1783.467586
-10.5,46,1783.676099
109.5,107,1784.160758
113.0,109,1784.641916
110.5,107,1785.124713
110.25,107,1785.558048
-8.0,47,1785.751688
111.25,108,1786.237657
113.0,109,1786.699387
-8.0,47,1786.926807
111.0,107,1787.397665
-8.0,47,1787.61716
-8.0,47,1787.81422
108.75,107,1788.30237
113.5,109,1788.857759
-10.5,46,1789.11952
110.75,107,1789.60977
109.5,107,1790.095568
114.5,109,1790.571186
110.5,109,1795.115535
111.0,109,1795.608129
113.75,109,1796.073549
-9.0,47,1796.262162
110.75,109,1796.748668
113.75,109,1797.261354
113.0,109,1797.754882
112.75,109,1798.249954
111.5,107,1798.740746
109.5,107,1799.194233
113.5,109,1799.702018
-8.0,47,1799.905025
-8.0,47,1800.119284
108.5,107,1800.591797
112.5,109,1801.081353
112.25,109,1801.584078
113.75,109,1802.070241
-8.0,47,1802.294796
-8.0,47,1802.500723
113.5,109,1803.048162
-8.0,47,1803.256404
-8.0,47,1803.467025
114.25,109,1803.968013
-8.0,47,1804.198601
108.5,107,1808.73414
111.5,109,1809.221435
114.5,109,1809.750121
111.75,108,1810.214906
111.75,109,1810.683995
-9.0,47,1810.907112
113.0,109,1811.399415
110.5,109,1811.862415
114.5,109,1812.372923
108.75,107,1812.866802
110.0,107,1813.364897
-8.75,47,1813.595749
-8.0,47,1813.826726
-8.75,47,1814.022228
109.0,107,1814.48689
111.0,108,1814.992982
-8.75,47,1815.222728
113.0,109,1815.757196
-9.75,47,1815.978737
113.75,109,1816.442098
-9.5,47,1816.639308
110.5,109,1817.136259
111.0,108,1817.635543
113.0,109,1822.277003
113.5,109,1822.762178
-10.5,46,1822.94168
114.0,109,1823.393986
110.0,107,1823.839107
112.25,109,1824.353636
111.0,109,1824.836155
-8.75,47,1825.039906
112.75,109,1825.515492
-8.0,47,1825.715634
-12.0,46,1825.913275
-10.5,46,1826.106404
110.0,107,1826.559175
-8.0,47,1826.810067
107.75,107,1827.224644
112.5,109,1827.671582
108.5,107,1828.131088
111.5,109,1828.601524
110.5,107,1829.068661
-8.5,47,1829.246116
-8.0,47,1829.433854
110.0,107,1829.864828
111.25,108,1830.350975
114.5,109,1834.930655
109.25,109,1835.418254
112.0,109,1835.882464
-8.0,47,1836.078943
-8.0,47,1836.283825
113.25,109,1836.766795
-8.0,47,1836.965473
114.0,109,1837.460611
111.5,109,1837.918392
111.0,109,1838.410605
-8.0,47,1838.6135
112.5,109,1839.078325
110.0,107,1839.534419
-8.0,47,1839.741032
113.0,109,1840.247216
111.25,109,1840.723393
110.0,108,1841.199075
-8.0,47,1841.409726
-8.5,47,1841.654974
-8.0,47,1841.861926
113.25,109,1842.331522
-8.5,47,1842.540686
-9.25,47,1842.740769
-8.0,47,1842.96142
106.75,107,1843.448664
113.25,109,1847.850522
-8.0,47,1848.057544
108.75,107,1848.487006
109.25,108,1848.942677
113.0,109,1849.441714
-8.75,47,1849.640084
-8.0,47,1849.849685
-10.5,46,1850.05334
110.25,109,1850.526335
109.75,107,1850.982146
113.0,109,1851.463082
111.0,109,1851.934293
-8.75,47,1852.136503
-8.0,47,1852.32828
-8.0,47,1852.523263
113.75,109,1853.010129
-8.0,47,1853.219007
112.75,109,1853.716788
109.0,107,1854.179332
-8.0,47,1854.403694
112.0,109,1854.853334
-11.0,46,1855.047104
-8.0,47,1855.256067
113.25,109,1855.725738
112.25,109,1856.214449
111.0,109,1860.825552
114.0,109,1861.299803
113.0,109,1861.751736
114.0,109,1862.256748
-8.0,47,1862.491515
-8.75,47,1862.697019
108.25,107,1863.179745
-8.0,47,1863.377018
110.25,108,1863.856954
113.0,109,1864.339197
112.0,109,1864.815214
112.75,109,1865.355633
107.75,107,1865.797925
114.0,109,1866.238302
113.5,109,1866.705723
113.0,109,1867.203391
112.5,109,1867.648365
-8.5,47,1867.840773
113.0,109,1868.32413
113.25,109,1868.815394
109.0,107,1869.307508
113.75,109,1873.918194
108.75,107,1874.394461
-8.0,47,1874.606627
113.0,109,1875.073687
112.5,109,1875.526951
110.0,107,1875.997084
-8.0,47,1876.18285
115.5,109,1876.695728
113.5,109,1877.119407
-8.0,47,1877.321573
110.25,107,1877.833797
-8.0,47,1878.036701
111.75,109,1878.48589
112.25,110,1878.976412
112.75,109,1879.479328
112.75,109,1879.958636
-8.0,47,1880.159809
-8.75,47,1880.343892
110.75,108,1880.777323
-9.5,47,1880.965862
-8.0,47,1881.204587
-8.0,47,1881.423104
113.5,109,1881.888888
-8.5,47,1882.092943
-8.0,47,1882.292772
108.25,107,1882.772661
112.75,109,1887.064693
-8.0,47,1887.284426
109.75,108,1887.732314
113.5,109,1888.180972
-8.0,47,1888.415526
113.75,109,1888.901495
112.25,109,1889.398903
109.75,108,1889.85505
113.75,109,1890.323933
108.5,107,1890.786791
110.25,107,1891.239351
-11.25,46,1891.423686
113.25,109,1891.905203
112.75,109,1892.347361
113.5,109,1892.818247
113.0,109,1893.315843
113.75,109,1893.784267
113.75,109,1894.271867
109.25,108,1894.732273
113.0,109,1895.19427
114.0,109,1899.748474
113.5,109,1900.193601
110.0,108,1900.669635
-8.0,47,1900.870362
-8.0,47,1901.090445
-8.0,47,1901.286421
-8.0,47,1901.479694
110.25,108,1901.907063
-8.0,47,1902.104343
112.5,109,1902.56166
-8.75,47,1902.7563
112.5,109,1903.180742
107.75,107,1903.630794
108.5,109,1904.066859
-11.25,46,1904.29012
113.0,109,1904.764474
-8.0,47,1904.969313
-8.75,47,1905.181755
-8.5,47,1905.383375
114.0,109,1905.874502
-8.0,47,1906.069429
112.75,109,1906.56528
-8.0,47,1906.794016
-8.0,47,1907.023215
114.25,109,1907.508921
113.75,109,1908.019402
111.25,108,1912.550896
110.0,109,1913.047328
-8.0,47,1913.248508
110.75,109,1913.724883
-8.0,47,1913.918732
110.0,107,1914.366125
-8.0,47,1914.575117
-8.0,47,1914.785546
-9.5,47,1914.970802
111.5,109,1915.465388
112.5,109,1915.948045
110.0,107,1916.409807
-8.0,47,1916.617178
115.5,109,1917.1237
109.5,107,1917.599353
112.25,109,1918.070255
113.5,109,1918.533587
112.5,109,1918.96384
-8.0,47,1919.155257
116.0,110,1919.628427
-8.0,47,1919.826159
-8.5,47,1920.006816
114.5,109,1920.484159
-8.0,47,1920.693516
113.5,109,1921.176799
114.5,109,1925.64431
113.25,109,1926.120421
-8.0,47,1926.328703
115.5,109,1926.8192
-8.0,47,1927.022163
111.25,107,1927.487669
114.0,109,1928.004804
-8.0,47,1928.193703
111.5,107,1928.642672
113.25,109,1929.137966
112.75,109,1929.636258
-8.0,47,1929.865905
-8.75,47,1930.065276
113.25,109,1930.547755
113.75,109,1931.074436
113.75,109,1931.58097
-8.0,47,1931.781143
-8.0,47,1931.988127
113.75,109,1932.470403
109.25,108,1932.96185
111.25,107,1933.432568
110.75,108,1933.890491
109.5,107,1934.348358
113.5,109,1938.830426
113.0,109,1939.297535
113.25,109,1939.825755
-8.0,47,1940.048277
112.25,109,1940.496238
110.5,108,1940.933101
-8.75,47,1941.140914
-8.0,47,1941.339121
112.0,109,1941.775841
-8.0,47,1941.977848
-8.0,47,1942.199435
114.75,109,1942.654509
113.5,109,1943.125157
-8.75,47,1943.314145
112.25,109,1943.804774
114.0,109,1944.29934
113.0,109,1944.814158
-8.0,47,1945.076818
112.5,109,1945.534543
115.5,109,1946.03898
114.5,109,1946.508175
-8.0,47,1946.714108
112.0,109,1947.199597
114.75,109,1951.598857
109.25,108,1952.070549
115.0,109,1952.517258
112.75,109,1953.023947
114.25,109,1953.46663
-8.75,47,1953.694843
110.25,107,1954.188517
109.5,107,1954.658945
114.5,109,1955.182007
-8.0,47,1955.424915
111.25,107,1955.889635
-8.75,47,1956.109894
114.0,109,1956.636714
-8.0,47,1956.84028
113.75,109,1957.313982
114.5,109,1957.789073
-8.0,47,1957.996583
112.75,109,1958.472446
111.25,108,1958.972829
108.5,107,1959.460491
-8.0,47,1959.667006
114.25,109,1960.16476
-8.0,47,1960.366408
-8.5,47,1964.601717
113.0,109,1965.058013
110.5,108,1965.535461
115.0,109,1966.014896
114.25,109,1966.490141
-8.0,47,1966.696206
-8.75,47,1966.90332
-8.0,47,1967.116546
113.5,109,1967.605588
112.75,108,1968.068984
114.0,109,1968.548236
-8.0,47,1968.762495
-8.0,47,1968.984269
-8.0,47,1969.19451
110.5,107,1969.659595
-8.5,47,1969.895404
-8.5,47,1970.111434
114.75,109,1970.626126
111.75,108,1971.060448
113.5,109,1971.514885
113.25,109,1972.011996
-8.0,47,1972.214272
114.0,109,1972.703212
109.75,107,1973.173696
112.5,109,1978.091311
-8.0,47,1978.293796
-8.0,47,1978.509988
114.0,109,1978.955984
111.0,107,1979.41806
114.0,109,1979.871007
-8.0,47,1980.066547
114.5,109,1980.603051
-8.0,47,1980.823714
-8.0,47,1981.038922
-8.0,47,1981.2634
110.0,107,1981.767278
114.5,109,1982.229295
-8.0,47,1982.440967
-8.0,47,1982.648163
113.5,109,1983.110225
115.5,109,1983.591872
-8.0,47,1983.794773
110.0,107,1984.276601
112.25,109,1984.766237
-8.0,47,1984.960033
114.75,109,1985.468148
111.0,109,1985.946902
-8.0,47,1986.159848
-8.0,47,1986.367739
-8.75,47,1986.557192
111.0,109,1986.988811
-11.5,46,1991.311344
109.25,107,1991.761749
-8.0,47,1991.976491
-8.0,47,1992.204117
114.5,109,1992.696307
113.75,109,1993.181626
-8.0,47,1993.396998
113.5,109,1993.908413
111.75,108,1994.382265
112.75,109,1994.833682
113.5,109,1995.288403
109.25,107,1995.730602
111.0,109,1996.2053
-8.5,47,1996.422023
-8.0,47,1996.627438
110.25,107,1997.092753
114.5,109,1997.56907
108.75,107,1998.018927
112.25,109,1998.522192
115.0,109,1998.997893
109.5,107,1999.488417
113.25,109,1999.934384
109.5,107,2004.476341
-8.5,47,2004.656652
-11.0,46,2004.85108
-8.75,47,2005.065995
110.5,107,2005.52096
114.0,109,2006.006633
-8.5,47,2006.18146
-8.0,47,2006.372088
-8.0,47,2006.577464
109.75,108,2007.035852
114.25,109,2007.503942
111.5,109,2007.93949
111.5,107,2008.353471
109.5,107,2008.771825
-8.0,47,2008.962591
112.5,109,2009.455457
110.5,107,2009.907364
113.5,109,2010.429674
-8.5,47,2010.657484
112.75,109,2011.12201
114.25,109,2011.594389
112.0,108,2012.065168
-8.0,47,2012.256747
-9.25,47,2012.459461
113.75,109,2012.954545
-8.0,47,2017.208959
114.0,109,2017.68372
114.25,109,2018.137615
112.0,109,2018.623119
108.0,107,2019.066504
-8.0,47,2019.271436
112.25,108,2019.772965
-8.0,47,2019.99486
-10.5,46,2020.185125
110.75,108,2020.662403
112.0,108,2021.154316
113.25,109,2021.627264
-8.0,47,2021.837153
-8.0,47,2022.054428
-8.5,47,2022.25915
-8.75,47,2022.463941
-8.0,47,2022.665215
110.25,107,2023.135498
-8.5,47,2023.336421
-8.5,47,2023.535694
-8.0,47,2023.725963
-8.0,47,2023.924505
-9.25,47,2024.14246
110.75,107,2024.622005
-8.0,47,2024.802332
-8.0,47,2025.000512
114.25,109,2025.462434
-8.0,47,2025.703809
113.0,109,2030.366058
110.75,108,2030.808939
112.0,109,2031.248021
114.5,109,2031.754695
113.75,109,2032.194614
113.5,109,2032.706553
114.5,109,2033.169396
110.5,107,2033.633659
-8.0,47,2033.83
113.5,109,2034.277129
-8.5,47,2034.469921
109.75,107,2034.94474
110.25,107,2035.441706
-8.0,47,2035.662544
113.5,109,2036.11432
109.25,107,2036.584445
113.0,109,2037.073555
-8.0,47,2037.276109
112.0,109,2037.786127
-8.0,47,2037.988097
110.75,107,2038.439771
113.75,109,2038.924671
114.0,109,2043.5998
115.5,109,2044.041137
-8.75,47,2044.258361
115.5,109,2044.725822
114.75,109,2045.207614
115.0,109,2045.662416
112.5,109,2046.153962
-8.0,47,2046.351973
-8.75,47,2046.549872
-8.75,47,2046.765508
114.5,109,2047.252781
109.5,107,2047.716646
-10.5,46,2047.917463
-8.0,47,2048.111238
113.25,109,2048.598444
-9.25,47,2048.806439
113.75,109,2049.311655
-8.5,47,2049.536626
111.0,108,2049.987
110.75,107,2050.457041
-8.0,47,2050.668013
114.25,109,2051.143326
-8.75,47,2051.339751
113.75,109,2051.836978
114.0,109,2056.199472
114.25,109,2056.669874
-9.25,47,2056.864347
-8.0,47,2057.052653
114.25,109,2057.541698
114.0,109,2058.031078
114.5,109,2058.515545
114.0,109,2058.978716
115.0,109,2059.422526
-8.0,47,2059.643283
111.25,108,2060.111737
-8.0,47,2060.314286
114.0,109,2060.779799
-8.0,47,2060.988364
113.5,109,2061.442199
-8.0,47,2061.619916
114.0,109,2062.09105
110.5,107,2062.568112
114.25,109,2063.01193
-8.75,47,2063.199152
111.75,108,2063.6614
114.25,109,2064.141923
-8.5,47,2064.354971
115.0,109,2064.825826
110.5,107,2069.343615
113.25,109,2069.829143
114.0,109,2070.323812
110.25,107,2070.83261
-8.0,47,2071.048213
111.25,109,2071.508875
-8.5,47,2071.730648
-8.0,47,2071.943906
111.25,109,2072.398504
-8.0,47,2072.597639
109.25,107,2073.040393
110.75,108,2073.503408
111.0,108,2073.987397
-8.0,47,2074.192526
110.0,107,2074.626687
-8.0,47,2074.814232
-8.5,47,2075.015629
113.0,109,2075.510068
110.75,109,2075.967489
-8.0,47,2076.173124
108.5,107,2076.624419
113.5,109,2077.111944
110.0,107,2077.573985
110.25,107,2081.990031
115.0,109,2082.453853
113.5,109,2082.92767
112.25,109,2083.452046
113.0,109,2083.938004
113.0,109,2084.399921
113.75,109,2084.862749
113.25,109,2085.342819
112.0,109,2085.829096
112.0,108,2086.280912
-8.0,47,2086.47772
111.0,108,2086.963476
-8.5,47,2087.159195
111.0,108,2087.630552
-8.0,47,2087.826623
112.0,109,2088.320901
-8.0,47,2088.511674
-8.5,47,2088.719156
111.5,109,2089.178728
112.75,109,2089.636587
-8.0,47,2089.834715
113.25,109,2090.329526
-8.0,47,2090.536768
113.25,109,2094.951276
112.0,109,2095.377712
112.25,109,2095.860139
112.25,109,2096.355916
115.0,109,2096.816514
-8.0,47,2097.011084
112.75,109,2097.503225
-8.5,47,2097.724782
112.0,109,2098.182396
-8.0,47,2098.373277
112.0,109,2098.84554
113.75,109,2099.327196
-8.0,47,2099.56662
112.5,109,2100.004556
110.5,107,2100.477472
-8.0,47,2100.693471
112.5,109,2101.137561
-8.0,47,2101.315914
108.25,107,2101.764092
-8.0,47,2101.992154
110.0,107,2102.438637
-8.75,47,2102.635542
110.75,109,2103.096938
109.0,107,2107.578779
109.5,108,2108.058785
-8.75,47,2108.267075
-8.0,47,2108.48663
-8.0,47,2108.731589
-8.0,47,2108.952377
109.5,107,2109.390235
-8.0,47,2109.574294
110.5,108,2110.032923
114.0,109,2110.518361
114.0,109,2110.972962
114.5,109,2111.463848
109.75,107,2111.953064
110.75,109,2112.439862
114.5,109,2112.886324
114.25,109,2113.356465
-8.5,47,2113.5481
114.5,109,2114.018831
-9.0,47,2114.216005
-8.5,47,2114.432796
109.0,107,2114.870045
-8.0,47,2115.075237
-8.75,47,2115.275539
-8.0,47,2115.467612
110.75,108,2115.978848
-8.0,47,2116.194699
113.5,109,2120.871055
-8.75,47,2121.096099
-8.0,47,2121.270732
113.5,109,2121.716265
110.5,107,2122.181757
-8.0,47,2122.385698
114.0,109,2122.883909
112.25,108,2123.340686
110.0,109,2123.804773
-8.0,47,2123.995956
110.25,107,2124.5097
110.75,107,2124.983634
110.75,107,2125.478457
110.75,109,2125.906399
114.25,109,2126.303584
112.75,109,2126.731258
113.0,109,2127.171605
112.75,109,2127.658926
111.5,107,2128.117003
-8.0,47,2128.312127
-8.5,47,2128.536956
111.75,109,2129.026692
114.25,109,2133.520833
111.5,108,2133.98878
110.75,107,2134.451264
-8.0,47,2134.654627
-8.75,47,2134.858573
112.0,108,2135.348765
112.75,109,2135.804279
-8.5,47,2136.003604
-11.0,46,2136.209511
113.0,109,2136.644951
112.75,109,2137.089243
-8.0,47,2137.288731
-10.5,46,2137.48536
-8.75,47,2137.690655
114.5,109,2138.181233
-8.0,47,2138.384443
112.5,109,2138.864982
113.5,109,2139.34991
112.75,109,2139.861953
-8.0,47,2140.070786
113.75,109,2140.53081
113.0,109,2141.014428
110.5,107,2141.460969
-8.0,47,2141.667103
112.0,109,2142.166335
111.0,107,2146.686418
-8.0,47,2146.894226
109.75,107,2147.372825
115.5,109,2147.861416
109.0,107,2148.331163
-8.0,47,2148.531685
114.0,109,2148.996114
113.25,109,2149.482729
113.5,109,2149.961816
-8.5,47,2150.199979
112.5,108,2150.64816
107.25,107,2151.096011
112.0,109,2151.531637
111.25,109,2152.018517
-8.0,47,2152.23112
109.75,107,2152.706626
112.75,109,2153.204427
-8.0,47,2153.415664
-8.0,47,2153.624676
107.75,107,2154.067779
113.75,109,2154.572077
112.0,109,2155.070388
114.5,109,2159.733458
111.5,107,2160.202735
-8.0,47,2160.416045
111.0,107,2160.883748
112.5,109,2161.386264
-8.0,47,2161.574829
-8.5,47,2161.792414
112.5,109,2162.229541
112.25,109,2162.717891
111.25,107,2163.190496
-8.0,47,2163.390254
113.5,109,2163.862626
113.75,109,2164.365797
-8.5,47,2164.5866
115.25,109,2165.046062
114.0,109,2165.524626
111.75,109,2166.010204
114.75,109,2166.506107
-8.75,47,2166.706482
113.75,109,2167.179082
-8.75,47,2167.394363
110.25,107,2167.864071
113.5,109,2168.344457
111.5,107,2172.774355
114.5,109,2173.258444
113.5,109,2173.72385
112.75,109,2174.206625
-8.0,47,2174.397734
112.75,109,2174.864919
115.0,109,2175.351293
111.5,107,2175.853512
113.5,109,2176.2866
109.25,107,2176.760135
114.75,109,2177.222526
-8.0,47,2177.414989
108.25,107,2177.871355
108.5,107,2178.322248
-8.0,47,2178.516269
112.25,109,2178.969182
114.25,109,2179.444146
115.0,109,2179.921292
114.0,109,2180.353342
-8.5,47,2180.530132
-8.5,47,2180.721743
-9.25,47,2180.887878
115.5,109,2185.391682
112.75,109,2185.899778
114.5,109,2186.332977
-8.0,47,2186.516203
110.75,107,2186.984495
113.75,109,2187.453373
114.0,109,2187.928201
114.0,109,2188.433676
114.25,109,2188.927931
-8.5,47,2189.160784
-9.0,47,2189.37454
112.25,109,2189.839272
114.5,109,2190.290662
114.5,109,2190.727381
109.25,108,2191.210674
112.25,109,2191.698601
-9.25,47,2191.923251
107.25,106,2192.341976
113.75,109,2192.830925
112.5,109,2193.31002
-8.0,47,2193.504461
111.5,109,2193.957331
-8.0,47,2194.159421
-8.75,47,2198.352561
-8.0,47,2198.578994
108.5,107,2199.070773
114.5,109,2199.541729
113.25,109,2200.01322
112.5,109,2200.471986
-10.5,46,2200.654652
110.5,108,2201.181421
114.0,109,2201.673934
111.0,107,2202.149504
-8.0,47,2202.349276
113.5,109,2202.834523
113.75,109,2203.314885
113.75,109,2203.796044
-8.0,47,2203.991923
-8.0,47,2204.201459
112.5,109,2204.687201
114.5,109,2205.153613
114.75,109,2205.632634
-10.5,46,2205.8331
108.75,107,2206.279907
113.5,109,2206.785441
112.75,109,2207.258183
111.0,107,2211.828402
110.0,107,2212.302308
-8.75,47,2212.530939
112.75,109,2213.022097
108.0,107,2213.486135
109.75,107,2213.952583
114.5,109,2214.457999
-10.5,46,2214.680994
114.75,109,2215.166476
108.5,107,2215.680713
114.0,109,2216.217415
-10.5,46,2216.412555
112.5,109,2216.910868
110.0,107,2217.37484
-8.5,47,2217.599235
113.75,109,2218.102944
-10.5,46,2218.314891
-9.5,47,2218.516125
-11.0,46,2218.729611
114.0,109,2219.193346
-8.0,47,2219.388296
-8.0,47,2219.610115
108.75,107,2220.084553
111.5,109,2220.594271
110.25,107,2225.140241
-8.0,47,2225.334998
114.5,109,2225.799024
111.5,108,2226.284421
-8.0,47,2226.483753
113.0,109,2226.953317
-8.75,47,2227.148033
-8.0,47,2227.338548
112.5,109,2227.857186
115.0,109,2228.369515
-9.5,47,2228.608071
-8.0,47,2228.809527
-8.0,47,2229.049836
113.75,109,2229.499799
-8.0,47,2229.703539
110.75,108,2230.171632
-8.0,47,2230.378532
112.25,109,2230.872023
113.5,109,2231.353366
-8.0,47,2231.554134
114.25,109,2232.022513
-8.0,47,2232.267994
-8.0,47,2232.460222
-8.0,47,2232.688039
114.0,109,2233.15165
-8.0,47,2233.365446
113.0,109,2237.991739
112.5,109,2238.436241
107.75,107,2238.908942
-8.0,47,2239.142364
-8.0,47,2239.312365
111.25,109,2239.803514
109.0,108,2240.265503
111.25,109,2240.680611
-8.0,47,2240.855215
-8.0,47,2241.049882
108.5,107,2241.455628
114.0,109,2241.917993
112.5,109,2242.396568
111.25,108,2242.865152
113.0,109,2243.300757
113.5,109,2243.787714
110.5,107,2244.248262
112.5,108,2244.755496
-8.0,47,2244.941321
-8.5,47,2245.163299
111.25,108,2245.622393
-8.0,47,2245.819881
-8.75,47,2246.045703
-8.0,47,2246.236472
109.75,107,2250.864116
-8.0,47,2251.061935
111.75,108,2251.517807
111.25,108,2251.983157
-8.75,47,2252.173851
-8.0,47,2252.364428
109.75,107,2252.825586
109.5,107,2253.282777
114.75,109,2253.773579
112.5,109,2254.272152
-8.5,47,2254.488941
-8.0,47,2254.716371
-8.0,47,2254.906193
114.5,109,2255.399533
112.25,109,2255.857872
113.75,109,2256.345855
-10.5,46,2256.510583
-8.0,47,2256.715208
114.0,109,2257.167954
110.0,107,2257.667856
113.0,109,2258.149829
114.0,109,2258.619151
-8.0,47,2258.817889
-8.0,47,2259.034657
112.0,109,2259.491261
-8.0,47,2259.691981
112.0,109,2264.304368
-8.0,47,2264.506356
-8.75,47,2264.726032
-8.5,47,2264.937313
110.25,109,2265.392137
-8.0,47,2265.62763
109.5,107,2266.107257
114.0,109,2266.595497
111.5,108,2267.096557
110.0,108,2267.588753
113.75,109,2268.077701
-8.0,47,2268.301996
-8.0,47,2268.54526
114.25,109,2268.992857
-8.0,47,2269.204652
-8.0,47,2269.418324
113.5,109,2269.906755
111.0,108,2270.383055
114.0,109,2270.860135
-8.0,47,2271.061728
111.5,109,2271.495306
113.0,109,2271.974716
114.25,109,2272.480901
112.5,109,2272.952244
-8.0,47,2277.100631
-8.75,47,2277.300384
-8.0,47,2277.503459
113.25,109,2277.975647
113.25,109,2278.45956
110.5,107,2278.90843
-8.0,47,2279.115625
109.5,107,2279.616405
110.25,107,2280.096126
113.75,109,2280.529588
114.5,110,2281.024305
-9.5,47,2281.234751
112.5,109,2281.735778
110.0,107,2282.198023
112.5,109,2282.674809
-8.0,47,2282.902616
114.25,109,2283.375243
-8.0,47,2283.564167
108.5,107,2284.038141
-8.0,47,2284.212558
-8.5,47,2284.414841
114.5,109,2284.86733
-8.0,47,2285.074732
114.25,109,2285.553309
114.25,109,2290.13285
110.5,107,2290.567169
114.0,109,2291.017816
-8.0,47,2291.225974
-8.5,47,2291.42885
113.75,109,2291.945365
112.75,109,2292.418511
110.0,107,2292.878962
-8.0,47,2293.097483
112.5,109,2293.534809
109.0,107,2294.022338
110.25,108,2294.493726
-8.0,47,2294.717518
111.75,108,2295.167484
110.5,109,2295.642653
-10.5,46,2295.839898
111.5,107,2296.280202
-8.5,47,2296.484778
113.5,109,2296.991219
-8.0,47,2297.202464
109.75,107,2297.687
-8.75,47,2297.868871
-8.0,47,2298.091875
113.0,109,2298.534698
114.5,109,2302.92818
112.75,109,2303.36235
115.5,109,2303.845135
114.5,109,2304.302881
113.25,109,2304.778412
-10.5,46,2304.94622
-8.0,47,2305.145539
112.25,109,2305.600407
113.5,109,2306.076579
111.5,107,2306.539789
111.25,108,2307.034755
-8.75,47,2307.264103
112.5,109,2307.683231
-8.0,47,2307.877268
111.25,109,2308.384198
112.75,109,2308.892847
113.75,109,2309.40752
-8.5,47,2309.64288
112.5,109,2310.166127
-8.0,47,2310.375464
112.5,109,2310.886993
-8.0,47,2311.084415
-8.0,47,2311.302632
114.75,109,2311.818355
112.0,109,2316.261878
109.0,108,2316.725768
109.25,108,2317.207228
111.25,107,2317.676204
111.0,107,2318.153818
109.5,107,2318.642634
111.0,108,2319.110166
112.75,109,2319.557875
110.0,108,2320.018394
-8.75,47,2320.244687
113.5,109,2320.736343
113.5,109,2321.211828
110.0,107,2321.666006
109.0,107,2322.131106
-8.75,47,2322.338062
-8.0,47,2322.56813
112.5,109,2323.026403
-8.0,47,2323.220105
112.0,109,2323.703616
-8.0,47,2323.919843
112.0,108,2324.405132
110.5,107,2329.114139
113.25,109,2329.597206
-8.0,47,2329.813268
115.0,109,2330.251262
111.75,109,2330.718289
-8.5,47,2330.931885
-8.75,47,2331.144075
113.75,109,2331.631116
109.75,107,2332.108673
-8.0,47,2332.317854
112.25,108,2332.813599
-8.0,47,2333.02891
112.25,109,2333.504032
113.75,109,2333.969444
113.5,109,2334.455105
113.25,109,2334.928998
108.5,107,2335.397868
-8.0,47,2335.626971
112.75,109,2336.125483
-8.0,47,2336.341551
-9.0,47,2336.550268
-8.0,47,2336.783093
-8.5,47,2336.999994
111.25,109,2337.44969
113.25,109,2337.93176
114.0,109,2342.461314
-8.0,47,2342.682629
-8.0,47,2342.870415
112.25,109,2343.33329
-8.0,47,2343.536622
114.75,109,2344.00946
-8.0,47,2344.246386
113.25,109,2344.716783
110.25,108,2345.188189
110.5,107,2345.649776
-8.0,47,2345.862165
-8.0,47,2346.063277
113.25,109,2346.519875
-8.75,47,2346.732856
115.5,109,2347.232157
-8.0,47,2347.440598
107.5,107,2347.930232
113.75,109,2348.413077
111.5,108,2348.880027
111.25,109,2349.360957
112.75,109,2349.846386
-8.75,47,2350.064096
-8.0,47,2350.262378
112.75,109,2350.728421
-8.0,47,2350.943696
112.25,109,2355.571736
113.5,109,2356.063396
-8.0,47,2356.28291
-8.0,47,2356.498276
113.25,109,2356.974822
113.0,109,2357.46
111.0,107,2357.925396
113.25,109,2358.403571
-8.5,47,2358.650268
-8.0,47,2358.84044
-8.5,47,2359.089152
112.25,109,2359.554824
114.5,109,2360.044498
108.5,107,2360.47355
111.0,109,2360.94435
109.75,107,2361.349697
115.0,109,2361.824995
113.75,109,2362.327561
-8.0,47,2362.553791
114.25,109,2363.014633
106.25,107,2363.436074
-9.25,47,2363.664896
114.0,109,2364.126311
110.5,107,2368.81155
113.25,109,2369.281659
112.75,109,2369.761723
114.75,109,2370.220572
114.5,109,2370.682304
-8.0,47,2370.875882
-8.0,47,2371.112158
-8.0,47,2371.320485
115.0,109,2371.758359
112.0,109,2372.236134
111.0,107,2372.685167
111.75,108,2373.135557
112.75,109,2373.600012
114.25,109,2374.087817
110.0,107,2374.567681
-8.0,47,2374.78691
113.0,109,2375.27614
110.75,107,2375.780597
109.5,107,2376.272709
113.5,109,2376.78021
115.5,109,2377.257625
109.0,107,2381.861547
-8.75,47,2382.067199
115.0,109,2382.549823
114.5,109,2383.047518
112.5,108,2383.489791
-8.0,47,2383.715847
111.0,107,2384.185017
112.0,109,2384.653881
-8.0,47,2384.858489
113.75,109,2385.307723
113.5,109,2385.806762
112.25,109,2386.282148
-8.0,47,2386.490547
114.0,109,2386.964894
110.75,108,2387.474559
-8.0,47,2387.688572
112.25,109,2388.174752
-8.0,47,2388.379927
114.0,109,2388.855407
112.5,109,2389.324152
-8.0,47,2389.526168
-8.0,47,2389.732963
113.0,109,2390.189116
114.75,109,2394.610789
111.25,108,2395.059919
-8.0,47,2395.269442
112.25,108,2395.75247
-8.5,47,2395.960124
-8.0,47,2396.167681
112.75,109,2396.645396
114.25,109,2397.092582
114.5,109,2397.573134
-8.5,47,2397.76702
-8.0,47,2397.972437
113.25,109,2398.450772
113.75,109,2398.920732
111.25,107,2399.435199
-8.75,47,2399.626079
-8.0,47,2399.82373
112.0,107,2400.276476
109.5,107,2400.77181
108.75,107,2401.254588
113.5,109,2401.747205
110.5,108,2402.230867
-8.75,47,2402.459103
114.0,109,2402.942456
110.25,107,2403.375423
114.0,109,2407.742441
113.25,109,2408.227286
114.25,109,2408.704659
-9.25,47,2408.930984
-9.0,47,2409.164877
115.0,109,2409.663365
-8.0,47,2409.899339
113.75,109,2410.418984
113.75,109,2410.874114
116.0,109,2411.375545
114.5,109,2411.862849
114.5,109,2412.367843
113.25,109,2412.849191
114.5,109,2413.308041
112.5,109,2413.804242
112.25,109,2414.289953
114.0,109,2414.814418
114.5,109,2415.303191
-8.0,47,2415.47813
113.25,109,2415.927286
-8.0,47,2416.132239
-8.0,47,2416.338033
-8.0,47,2416.550222
113.0,109,2420.736539
-8.5,47,2420.920997
-8.0,47,2421.130517
111.0,108,2421.603029
113.25,109,2422.080469
112.0,109,2422.573835
-8.0,47,2422.800137
113.5,108,2423.284084
114.5,109,2423.771506
-8.75,47,2423.965226
-8.5,47,2424.169316
-8.0,47,2424.369612
111.0,107,2424.816172
115.0,109,2425.250541
-8.0,47,2425.444919
115.0,109,2425.914477
-10.5,46,2426.108542
110.5,107,2426.556381
113.25,109,2427.073119
-8.0,47,2427.268844
110.0,107,2427.725264
112.75,109,2428.176843
111.25,107,2428.651947
109.25,107,2429.158967
114.0,109,2433.455996
115.5,109,2433.938502
114.0,108,2434.442189
109.0,107,2434.896506
-8.0,47,2435.113203
-8.0,47,2435.315247
-8.0,47,2435.518077
112.75,109,2435.988436
110.0,107,2436.455018
-8.0,47,2436.656981
-8.0,47,2436.860823
114.5,109,2437.351162
-10.5,46,2437.569542
112.0,107,2438.038483
112.5,109,2438.511659
114.25,109,2438.990015
-8.75,47,2439.218812
-8.0,47,2439.422612
114.5,109,2439.890446
-8.5,47,2440.106616
-8.0,47,2440.315582
112.0,109,2440.773663
-8.0,47,2440.978693
111.5,108,2441.471975
116.0,109,2441.93534
114.25,109,2446.296503
111.75,108,2446.777776
112.5,109,2447.24992
113.75,109,2447.746597
-8.0,47,2447.931889
-8.5,47,2448.128403
-8.0,47,2448.326175
113.75,109,2448.843612
115.5,109,2449.302291
-8.0,47,2449.526785
-8.0,47,2449.748495
114.5,109,2450.234879
110.75,108,2450.70266
-8.75,47,2450.887104
113.5,109,2451.380166
-8.0,47,2451.613997
-8.0,47,2451.816279
114.25,109,2452.306265
-8.0,47,2452.512812
111.0,107,2452.968431
114.25,109,2453.486812
114.25,109,2453.974941
-8.75,47,2454.166343
-8.0,47,2454.35766
111.5,107,2454.817993
111.0,107,2459.262151
110.25,107,2459.76641
111.75,108,2460.250869
-8.0,47,2460.432114
111.5,107,2460.899275
-11.0,46,2461.095516
-8.0,47,2461.314425
-8.0,47,2461.515386
-8.0,47,2461.736293
113.0,109,2462.226464
115.25,109,2462.690555
110.0,107,2463.169868
114.5,109,2463.61766
113.75,109,2464.058538
114.25,109,2464.550436
112.5,108,2465.014409
115.5,109,2465.451746
110.0,108,2465.906598
110.0,107,2466.395115
-8.0,47,2466.593094
-8.0,47,2466.816993
111.0,107,2467.268191
113.0,109,2467.760142
-8.0,47,2471.938086
114.5,109,2472.399606
110.25,107,2472.848044
111.0,108,2473.348513
114.25,109,2473.841838
112.5,108,2474.327453
114.0,109,2474.805817
114.25,109,2475.271114
112.75,108,2475.775075
109.5,107,2476.209752
113.0,109,2476.653702
113.75,109,2477.147152
112.75,108,2477.621818
113.25,109,2478.101455
110.5,107,2478.585411
-8.5,47,2478.802962
111.0,107,2479.247202
-8.75,47,2479.4621
114.5,109,2479.933835
113.75,109,2480.406013
110.75,107,2484.872668
115.0,109,2485.327968
-8.5,47,2485.531966
-10.5,46,2485.747928
116.0,110,2486.215629
112.0,108,2486.673697
114.75,109,2487.153843
116.0,109,2487.655505
110.75,107,2488.092192
110.25,107,2488.538982
-10.5,46,2488.728011
-8.0,47,2488.922456
-8.0,47,2489.121723
115.25,109,2489.607429
-8.0,47,2489.797379
110.25,107,2490.26463
111.25,108,2490.748552
115.25,109,2491.226691
111.5,107,2491.683723
-8.0,47,2491.897422
114.5,109,2492.40673
115.5,109,2492.860904
-8.0,47,2493.062612
-8.0,47,2493.272359
-8.0,47,2493.489697
113.5,109,2497.952398
-8.5,47,2498.150046
114.5,109,2498.616131
-8.0,47,2498.831504
-8.0,47,2499.033376
110.75,107,2499.490256
114.5,109,2499.911113
114.0,109,2500.389073
-8.0,47,2500.590335
111.25,107,2501.073922
-8.0,47,2501.244591
113.0,108,2501.683131
115.0,109,2502.13842
115.25,109,2502.576414
113.0,109,2503.058783
114.75,109,2503.480564
112.0,108,2503.917559
114.75,109,2504.343391
113.75,109,2504.810354
-8.0,47,2505.034979
115.5,109,2505.486931
-10.5,46,2505.690778
110.25,107,2506.147872
-8.0,47,2510.304775
110.25,108,2510.773419
-8.0,47,2511.015563
115.5,109,2511.487156
109.75,107,2511.9674
115.5,109,2512.446637
116.0,109,2512.942981
114.75,109,2513.439872
-8.75,47,2513.65891
-8.0,47,2513.854758
114.5,109,2514.357547
113.5,109,2514.85656
114.75,109,2515.32853
112.0,108,2515.78861
112.0,107,2516.25209
-8.0,47,2516.450397
113.25,108,2516.916328
112.0,108,2517.387381
115.5,109,2517.85171
115.5,109,2518.319334
111.0,107,2518.777145
110.5,107,2519.254422
112.5,109,2523.826693
113.75,109,2524.321615
-8.0,47,2524.52833
113.75,109,2525.05105
110.0,107,2525.527817
-8.0,47,2525.749171
-8.5,47,2525.974708
-8.0,47,2526.166926
110.5,107,2526.639345
114.5,109,2527.116161
-8.5,47,2527.31248
-8.0,47,2527.51936
111.5,107,2527.972926
114.0,109,2528.477566
-8.0,47,2528.683372
115.5,109,2529.13621
-8.0,47,2529.327299
112.75,108,2529.822825
115.5,109,2530.292073
116.0,109,2530.741483
115.0,109,2531.222262
114.75,109,2531.72438
113.5,109,2532.244775
-8.75,47,2532.438034
-8.0,47,2536.545683
113.25,109,2537.009894
-8.0,47,2537.208227
110.75,107,2537.688101
113.0,108,2538.12853
111.5,107,2538.594035
-8.75,47,2538.802006
116.0,109,2539.27852
115.0,109,2539.757501
112.75,109,2540.22676
110.25,107,2540.622071
110.75,107,2541.066124
116.0,109,2541.546212
113.75,109,2542.064242
114.75,109,2542.554861
-8.0,47,2542.761712
113.75,109,2543.213562
111.5,107,2543.68755
114.5,109,2544.177202
-8.0,47,2544.391476
112.5,109,2544.869078
114.5,109,2549.244818
116.0,109,2549.721323
114.5,109,2550.205639
115.0,109,2550.675513
-8.0,47,2550.917454
112.0,107,2551.410728
-10.5,46,2551.621028
-8.0,47,2551.826335
112.5,108,2552.295745
109.25,107,2552.777875
-8.75,47,2552.97322
-8.0,47,2553.185699
-8.5,47,2553.404579
114.5,109,2553.94128
113.25,109,2554.409465
114.5,109,2554.891603
-8.75,47,2555.084789
-8.75,47,2555.275904
112.75,108,2555.713336
114.5,109,2556.177761
115.0,109,2556.629573
114.0,109,2557.07935
-8.0,47,2557.309407
109.75,107,2557.795683
115.25,109,2562.139814
113.0,109,2562.576597
111.25,107,2563.036925
113.25,109,2563.506499
113.5,109,2563.971981
113.0,110,2564.415103
110.5,107,2564.872713
111.0,107,2565.338242
-8.0,47,2565.559241
-8.0,47,2565.760321
114.5,109,2566.235846
114.5,109,2566.693848
-8.0,47,2566.890576
110.5,107,2567.339577
114.5,109,2567.779394
-8.0,47,2567.977197
115.0,109,2568.471193
-8.0,47,2568.683178
-8.0,47,2568.868011
114.25,109,2569.332297
112.5,109,2569.798201
111.0,107,2570.284898
-8.0,47,2570.508118
115.5,109,2575.036757
-8.0,47,2575.233212
-8.5,47,2575.440031
115.0,109,2575.875856
112.25,108,2576.362683
115.0,109,2576.815732
110.0,107,2577.302992
114.75,109,2577.781892
113.5,108,2578.223037
-8.0,47,2578.42539
-8.0,47,2578.629324
-11.75,46,2578.8198
-8.0,47,2579.052696
-8.5,47,2579.250672
-8.0,47,2579.458883
-8.0,47,2579.648195
114.0,109,2580.102265
112.25,109,2580.576005
113.0,109,2581.050866
-8.5,47,2581.247039
116.0,109,2581.71851
111.75,109,2582.208201
-8.0,47,2582.404027
114.25,109,2582.883405
-8.5,47,2583.065735
115.5,109,2583.544581
-8.0,47,2587.785683
-8.0,47,2587.982464
-8.0,47,2588.218113
113.25,109,2588.684572
113.25,109,2589.146174
114.25,109,2589.621376
114.75,109,2590.097322
-8.0,47,2590.28653
-8.0,47,2590.494293
110.75,107,2590.972481
-8.0,47,2591.192601
113.5,109,2591.671954
115.5,109,2592.156228
116.0,109,2592.656053
-8.0,47,2592.856486
113.75,109,2593.320469
-8.75,47,2593.549199
-8.0,47,2593.734744
111.25,108,2594.21939
113.25,109,2594.645105
114.5,109,2595.124462
-8.0,47,2595.327835
114.75,109,2595.857596
116.0,109,2596.31884
-8.5,47,2596.510475
114.25,109,2601.001567
-10.5,46,2601.214679
-10.5,46,2601.416566
-8.0,47,2601.617419
-8.75,47,2601.830367
113.75,109,2602.316976
110.75,107,2602.805596
111.5,107,2603.24082
110.75,108,2603.741968
110.75,108,2604.235782
-8.75,47,2604.446048
-8.5,47,2604.667786
111.5,107,2605.120325
-8.0,47,2605.313871
110.75,107,2605.789896
-8.0,47,2605.982838
114.25,109,2606.452689
-8.0,47,2606.670041
114.25,109,2607.164569
114.25,109,2607.637658
-8.0,47,2607.836067
110.5,107,2608.283312
114.25,109,2608.767137
111.25,108,2609.225408
114.5,109,2613.62909
114.75,109,2614.090561
-8.0,47,2614.303462
-8.0,47,2614.533354
-8.0,47,2614.731713
114.0,109,2615.238775
111.75,108,2615.699477
115.5,109,2616.200279
-8.0,47,2616.419481
115.5,109,2616.898624
115.5,109,2617.368733
-8.0,47,2617.589143
114.5,109,2618.036845
111.5,108,2618.501232
112.0,107,2618.986082
-8.0,47,2619.178911
112.0,107,2619.646026
-8.75,47,2619.857405
-8.0,47,2620.066363
111.5,107,2620.513961
113.5,109,2620.96048
-8.0,47,2621.149
110.5,107,2621.613667
-8.0,47,2621.807509
111.5,107,2622.33095
116.0,109,2626.684489
-8.0,47,2626.888081
-8.0,47,2627.105335
113.5,109,2627.600675
-8.75,47,2627.816935
114.5,109,2628.294439
111.5,107,2628.784518
111.75,108,2629.265768
112.5,108,2629.756292
109.75,107,2630.241215
-8.0,47,2630.45283
115.5,109,2630.933903
115.0,109,2631.367116
114.0,109,2631.878675
-8.75,47,2632.086723
114.75,109,2632.605171
112.25,108,2633.098016
114.25,109,2633.576224
-8.0,47,2633.78008
115.5,109,2634.242838
111.75,108,2634.717971
115.5,109,2635.168174
-8.5,47,2635.356091
114.25,109,2639.662724
115.0,109,2640.142071
116.0,109,2640.637031
110.5,107,2641.137718
-8.0,47,2641.354532
110.75,107,2641.837754
-8.5,47,2642.047034
-8.0,47,2642.257968
111.5,107,2642.740606
113.75,109,2643.245969
114.25,109,2643.742341
114.75,109,2644.220412
111.0,107,2644.678041
115.0,109,2645.184064
112.0,109,2645.694466
113.75,109,2646.168426
-8.5,47,2646.360606
-8.0,47,2646.554563
115.5,109,2647.04787
114.5,109,2647.530391
115.5,109,2648.017229
-8.0,47,2648.215967
114.75,109,2652.701528
114.0,109,2653.163413
-8.5,47,2653.352795
-8.0,47,2653.578243
113.25,109,2654.05506
114.25,109,2654.479948
-8.0,47,2654.66097
-8.0,47,2654.860645
112.5,109,2655.399399
114.5,109,2655.880455
114.5,109,2656.336851
-8.0,47,2656.53615
-8.0,47,2656.744233
-8.0,47,2656.939868
113.25,109,2657.413299
111.5,107,2657.845688
110.75,107,2658.296818
111.25,107,2658.782822
114.5,109,2659.245764
113.25,109,2659.713992
-8.0,47,2659.910558
-8.5,47,2660.098074
114.75,109,2660.515305
114.0,109,2660.976293
114.25,109,2665.597294
109.75,107,2666.058751
115.0,109,2666.490469
114.25,109,2667.020191
-8.0,47,2667.224166
115.0,109,2667.711144
113.5,109,2668.178974
110.75,107,2668.649055
113.5,109,2669.139206
114.0,109,2669.638043
-8.0,47,2669.835096
112.0,107,2670.318198
-8.5,47,2670.528949
114.25,109,2671.039613
112.25,108,2671.500387
-8.0,47,2671.714699
111.0,107,2672.205312
110.75,107,2672.652341
112.5,108,2673.156989
-8.0,47,2673.346255
111.25,108,2673.825109
114.5,109,2674.285595
116.0,109,2679.002845
114.5,109,2679.418409
-8.75,47,2679.628116
-8.0,47,2679.845609
111.5,108,2680.338088
-8.0,47,2680.528419
113.75,109,2681.024764
-8.0,47,2681.227536
-8.0,47,2681.454474
114.0,109,2681.960742
113.25,108,2682.422503
114.5,109,2682.916449
109.5,107,2683.366718
-10.5,46,2683.562594
112.0,107,2684.046856
115.0,109,2684.499938
115.0,109,2684.965776
116.0,109,2685.429801
115.0,109,2685.920604
116.0,109,2686.391634
114.0,109,2686.858307
115.0,109,2687.354576
112.75,108,2691.829647
115.0,109,2692.270525
111.0,107,2692.73053
112.0,107,2693.195873
-8.0,47,2693.407697
114.0,109,2693.887176
114.25,109,2694.356464
115.5,109,2694.810267
114.75,109,2695.236698
-8.0,47,2695.450827
113.5,109,2695.919883
-8.0,47,2696.131279
-8.0,47,2696.32643
116.0,109,2696.811523
-8.0,47,2697.041102
-8.0,47,2697.259424
115.5,109,2697.68014
113.75,109,2698.097826
111.5,107,2698.52697
-8.0,47,2698.725548
111.75,108,2699.210832
114.5,109,2699.694521
111.5,107,2700.179084
114.75,109,2704.752139
114.5,109,2705.241735
114.25,109,2705.74596
112.0,107,2706.211116
-8.0,47,2706.43804
-8.0,47,2706.642769
-8.0,47,2706.849813
-8.0,47,2707.055105
111.25,107,2707.48744
114.25,109,2707.975426
113.75,109,2708.440368
113.25,109,2708.949896
115.0,109,2709.458648
115.25,109,2709.96124
-8.0,47,2710.161887
-8.0,47,2710.370786
113.75,109,2710.834198
-8.0,47,2711.068267
108.75,107,2711.554889
111.25,107,2712.054012
113.0,109,2712.572973
-8.0,47,2712.798627
115.0,109,2713.292743
-8.0,47,2713.498047
-8.0,47,2713.666604
114.75,109,2718.072308
115.5,109,2718.610187
-8.0,47,2718.81308
-8.0,47,2719.048978
115.5,109,2719.529449
111.25,107,2719.980726
-8.0,47,2720.19996
116.0,109,2720.631851
115.5,109,2721.089139
116.0,109,2721.587722
116.0,109,2722.07081
110.5,107,2722.501244
-8.5,47,2722.703031
-8.0,47,2722.909222
110.0,107,2723.353687
-8.0,47,2723.592722
112.75,109,2724.03401
-8.0,47,2724.215672
-8.0,47,2724.405956
-8.0,47,2724.599546
-8.0,47,2724.795084
111.5,107,2725.21398
-8.5,47,2725.418662
-8.0,47,2725.62288
115.25,109,2726.045655
111.5,107,2730.560452
-8.0,47,2730.775293
-8.0,47,2731.001663
115.5,109,2731.479021
115.0,109,2731.973942
111.0,107,2732.449416
111.5,107,2732.9184
115.5,109,2733.402179
-8.75,47,2733.635998
112.0,108,2734.097771
-8.0,47,2734.292331
111.5,107,2734.767445
-8.0,47,2734.977826
114.5,109,2735.442815
-8.0,47,2735.658163
-8.75,47,2735.862938
111.5,107,2736.318315
-8.0,47,2736.521287
113.25,108,2736.974827
116.0,109,2737.444763
116.0,109,2737.92191
-8.0,47,2738.155798
110.5,107,2738.615054
-8.0,47,2738.817007
115.0,109,2739.300405
115.25,109,2743.658213
116.0,109,2744.128159
114.5,109,2744.63052
112.75,108,2745.108918
111.25,107,2745.573441
115.0,109,2746.031409
115.25,109,2746.494764
116.25,110,2746.984164
-8.0,47,2747.194403
-8.0,47,2747.397533
-8.5,47,2747.617695
115.0,109,2748.082424
115.5,109,2748.57289
-8.0,47,2748.784793
-10.5,46,2749.002711
111.25,107,2749.488379
111.0,107,2749.945101
-8.5,47,2750.147081
112.25,108,2750.625815
-8.0,47,2750.816002
113.25,108,2751.293943
-8.0,47,2751.508988
115.5,109,2751.994154
-8.0,47,2752.203755
-8.0,47,2756.442201
111.5,107,2756.922367
-8.5,47,2757.129366
112.5,109,2757.628671
-8.0,47,2757.828916
114.5,109,2758.31947
114.0,109,2758.793361
-8.75,47,2758.994865
115.25,109,2759.487044
116.0,109,2759.976635
115.5,109,2760.484977
112.25,108,2760.953093
114.75,109,2761.440459
114.75,109,2761.933918
-8.0,47,2762.131002
115.25,109,2762.607109
115.0,109,2763.064178
113.25,108,2763.57423
113.0,109,2764.04822
-8.0,47,2764.257847
-8.0,47,2764.47286
-8.0,47,2764.669736
-8.0,47,2764.861583
115.0,109,2765.339592
110.5,107,2770.038126
114.0,108,2770.509332
112.0,107,2770.995864
116.0,109,2771.493607
114.75,109,2771.9648
114.5,109,2772.429353
114.75,109,2772.873239
111.25,107,2773.354154
114.25,109,2773.806802
115.5,109,2774.279719
114.5,109,2774.718623
110.75,107,2775.163329
110.75,107,2775.642599
115.25,109,2776.10835
115.5,109,2776.599979
110.0,107,2777.055991
113.25,108,2777.548193
110.25,107,2778.07721
-8.0,47,2778.280184
113.0,109,2782.779698
-8.0,47,2782.981129
-8.0,47,2783.165125
-8.0,47,2783.372186
111.0,107,2783.859921
-8.0,47,2784.070029
116.0,109,2784.553934
116.0,109,2785.03375
116.0,109,2785.505817
115.0,109,2786.004686
115.5,109,2786.503715
111.5,108,2786.967664
114.0,108,2787.438635
-8.0,47,2787.671803
113.75,109,2788.13725
114.75,109,2788.613871
-8.0,47,2788.818349
115.0,109,2789.277184
112.5,108,2789.709414
113.0,108,2790.175781
113.75,109,2790.636503
-8.0,47,2790.846903
-8.0,47,2791.037529
114.25,109,2791.521796
115.5,109,2795.872252
112.75,108,2796.346961
-8.0,47,2796.547595
-8.0,47,2796.777608
112.5,108,2797.254878
-8.0,47,2797.446824
-8.0,47,2797.662891
-8.0,47,2797.848183
-8.0,47,2798.053879
-8.0,47,2798.273232
116.0,109,2798.751481
116.0,109,2799.205386
113.75,109,2799.688375
-8.75,47,2799.897691
114.0,109,2800.359882
111.0,107,2800.816397
110.0,107,2801.245314
112.0,108,2801.709489
114.25,109,2802.188455
113.25,108,2802.651953
111.25,107,2803.144444
-8.0,47,2803.343544
114.75,109,2803.794744
110.75,107,2804.201912
115.5,109,2808.991982
-8.0,47,2809.181559
115.0,109,2809.635685
-8.0,47,2809.844446
-8.0,47,2810.033685
114.25,109,2810.496605
-8.0,47,2810.712793
110.5,107,2811.154613
116.0,109,2811.654429
114.5,109,2812.121482
113.25,109,2812.613156
-10.5,46,2812.811516
112.0,107,2813.282035
113.0,108,2813.771582
-8.0,47,2814.000028
111.0,107,2814.459781
115.0,109,2814.902735
111.25,107,2815.345366
114.5,109,2815.815462
113.0,109,2816.268255
-8.0,47,2816.454527
116.0,109,2816.917524
-8.0,47,2817.114405
-8.0,47,2817.316677
115.5,109,2822.306324
115.0,109,2822.804327
110.75,108,2823.248298
114.5,109,2823.721559
-8.0,47,2823.902067
112.25,108,2824.360033
-8.75,47,2824.563051
-8.0,47,2824.780203
115.0,109,2825.263299
-8.0,47,2825.462921
115.5,109,2825.953384
113.5,109,2826.414451
112.5,108,2826.882807
-10.5,46,2827.082545
-8.0,47,2827.309286
114.25,109,2827.763003
110.75,107,2828.23082
115.0,109,2828.690187
-8.0,47,2828.881651
116.0,109,2829.355715
116.0,109,2829.827796
-8.5,47,2830.034585
-8.0,47,2830.267637
-8.0,47,2830.460433
115.0,109,2835.21277
113.5,109,2835.663866
111.5,107,2836.14482
111.0,107,2836.583875
111.25,107,2837.036521
113.0,109,2837.527411
114.25,109,2838.047748
-8.75,47,2838.25295
115.0,109,2838.758256
115.0,109,2839.247485
114.75,109,2839.70218
110.25,107,2840.132112
-8.75,47,2840.335849
115.5,109,2840.799911
115.5,109,2841.271136
113.0,108,2841.739205
-8.0,47,2841.935424
113.75,109,2842.444492
113.25,108,2842.945651
-8.0,47,2843.147751
115.5,109,2843.616895
116.0,109,2848.220629
-8.0,47,2848.411215
113.25,108,2848.87155
-8.0,47,2849.084413
-8.75,47,2849.284912
116.0,109,2849.798651
-8.0,47,2850.003885
115.5,109,2850.492647
114.25,109,2850.98823
113.25,109,2851.43076
114.75,109,2851.895125
110.25,107,2852.3809
114.5,109,2852.871946
114.25,109,2853.308666
110.5,107,2853.780854
113.0,109,2854.303825
115.25,109,2854.724502
-8.5,47,2854.9095
112.0,108,2855.344491
114.25,109,2855.802119
111.0,107,2856.265566
116.0,109,2856.720453
115.5,109,2861.232314
116.0,109,2861.70801
114.25,109,2862.192012
-8.0,47,2862.388751
-8.0,47,2862.609824
112.0,107,2863.087758
115.5,109,2863.5662
114.0,109,2864.054794
114.25,109,2864.548564
-8.0,47,2864.770707
112.0,107,2865.242675
115.0,109,2865.698086
110.75,107,2866.180473
114.0,109,2866.660773
-8.0,47,2866.868682
115.0,109,2867.34068
115.0,109,2867.810122
113.5,109,2868.29002
-8.0,47,2868.503146
115.5,109,2869.027816
113.5,108,2869.507419
-8.0,47,2869.712257
-8.0,47,2869.938203
-8.0,47,2874.395866
115.5,109,2874.841838
115.5,109,2875.291252
-8.0,47,2875.483448
114.75,109,2875.950265
111.5,107,2876.382738
115.5,109,2876.858335
-8.0,47,2877.06005
-8.0,47,2877.254489
115.5,109,2877.690814
111.0,107,2878.16195
-8.0,47,2878.374491
115.25,109,2878.866117
113.75,109,2879.362024
-8.0,47,2879.595643
114.5,109,2880.115748
113.25,108,2880.577121
116.0,109,2881.050743
110.25,107,2881.550969
-8.0,47,2881.772779
114.25,109,2882.247277
115.5,109,2882.756373
-8.0,47,2882.988346
-8.0,47,2883.218108
113.5,109,2887.685833
115.25,109,2888.134834
110.0,107,2888.564215
115.0,109,2889.042011
113.5,108,2889.511317
-8.75,47,2889.707657
113.5,108,2890.161363
113.5,109,2890.684538
111.5,107,2891.157533
114.0,108,2891.632482
116.0,109,2892.088999
116.0,109,2892.541641
-8.0,47,2892.730299
115.0,109,2893.180319
116.0,109,2893.710118
-8.0,47,2893.919292
115.0,109,2894.39004
114.25,109,2894.858892
111.25,107,2895.320948
111.5,107,2895.790406
-8.0,47,2896.004793
115.5,109,2900.402887
114.5,109,2900.862013
-8.0,47,2901.048469
115.0,109,2901.514693
114.25,109,2901.979863
115.25,109,2902.452465
115.0,109,2902.931691
115.5,109,2903.373806
-8.0,47,2903.562781
114.5,109,2904.051235
-8.0,47,2904.260172
115.5,109,2904.719738
-8.0,47,2904.917994
-8.0,47,2905.099629
-8.0,47,2905.304171
-8.0,47,2905.518387
111.25,107,2906.021104
111.5,107,2906.547412
114.5,109,2907.066241
114.75,109,2907.575118
115.5,109,2908.074
-8.0,47,2908.303429
115.25,109,2908.766527
115.0,109,2913.79081
-8.0,47,2914.003774
114.5,109,2914.484104
-8.0,47,2914.695217
116.0,109,2915.180318
-8.0,47,2915.373439
-8.0,47,2915.57379
114.5,109,2916.064572
114.25,109,2916.578184
-8.0,47,2916.777345
116.0,109,2917.255432
116.0,109,2917.741953
112.75,109,2918.200511
-8.0,47,2918.41163
113.75,109,2918.908724
114.25,109,2919.367289
115.5,109,2919.841021
116.0,109,2920.330564
113.25,109,2920.814691
-8.5,47,2921.024306
-10.5,46,2921.200983
-10.5,46,2921.393605
115.25,109,2921.860976
112.0,107,2922.355049
115.5,109,2926.845495
-8.5,47,2927.054076
111.5,107,2927.539492
114.5,109,2928.028791
-8.0,47,2928.255295
115.5,109,2928.686063
-8.0,47,2928.891565
115.25,109,2929.336869
112.75,108,2929.813637
-8.0,47,2930.014266
116.0,109,2930.484841
112.0,107,2930.980606
115.0,109,2931.436813
112.0,107,2931.927402
112.0,107,2932.376538
-8.0,47,2932.589835
112.5,108,2933.037254
-8.0,47,2933.23748
-8.0,47,2933.456856
-8.5,47,2933.661634
-8.0,47,2933.865513
110.0,107,2934.293671
115.25,109,2934.785306
-8.0,47,2934.983199
113.25,108,2935.463388
114.5,109,2939.962744
115.5,109,2940.444619
113.75,109,2940.891446
110.75,107,2941.360604
111.0,107,2941.825215
115.5,109,2942.295764
115.25,109,2942.766148
114.75,109,2943.242903
113.5,108,2943.700172
115.5,109,2944.15944
-8.0,47,2944.375438
115.5,109,2944.848607
112.0,108,2945.321286
110.0,107,2945.821642
114.75,109,2946.269633
114.25,109,2946.737269
115.0,109,2947.231899
-8.0,47,2947.433312
-8.0,47,2947.651065
111.5,107,2948.120585
-8.0,47,2948.327543
114.25,109,2952.91747
115.5,109,2953.342168
-8.0,47,2953.55505
110.25,107,2954.015295
111.25,108,2954.490075
-8.0,47,2954.684647
115.25,109,2955.144257
-8.0,47,2955.339107
-8.0,47,2955.543058
111.5,107,2955.991724
-8.0,47,2956.179159
114.75,109,2956.649335
110.0,107,2957.114257
111.5,108,2957.574108
115.5,109,2958.024141
111.5,107,2958.560796
116.0,109,2959.066565
115.0,109,2959.535283
-8.5,47,2959.73229
113.5,109,2960.22572
115.0,109,2960.671031
115.5,109,2961.107219
-8.0,47,2961.302905
111.5,107,2965.557058
-8.0,47,2965.774971
-8.0,47,2965.969558
115.0,109,2966.382494
110.5,107,2966.837678
115.5,109,2967.350619
115.0,109,2967.801902
-8.0,47,2967.998504
-8.0,47,2968.220205
-8.0,47,2968.42818
111.25,107,2968.890951
-8.0,47,2969.104736
-8.0,47,2969.302402
113.0,108,2969.810884
112.0,107,2970.284322
115.25,109,2970.753519
114.5,109,2971.254952
-8.0,47,2971.477697
-8.0,47,2971.695248
115.5,109,2972.123917
115.25,109,2972.575474
114.25,109,2973.023954
114.0,109,2973.499585
116.0,109,2973.957839
113.5,108,2978.242506
112.0,107,2978.694646
-10.5,46,2978.883428
-8.0,47,2979.076739
114.75,109,2979.532922
-8.0,47,2979.733158
116.0,109,2980.190866
-8.0,47,2980.388986
116.0,109,2980.873746
114.75,109,2981.344768
-8.0,47,2981.547638
110.75,107,2982.07765
-8.0,47,2982.264656
110.5,107,2982.723529
115.0,109,2983.208376
-8.0,47,2983.427223
116.0,109,2983.915914
113.0,108,2984.393156
114.5,109,2984.874557
-8.0,47,2985.087272
115.5,109,2985.569673
-8.0,47,2985.764422
116.0,109,2986.217563
-8.0,47,2986.417022
116.0,109,2986.871257
-8.0,47,2990.82757
114.75,109,2991.305019
116.0,109,2991.766968
111.5,107,2992.249179
111.5,107,2992.731123
114.0,109,2993.180676
-8.0,47,2993.35886
-8.0,47,2993.554265
113.75,109,2994.024107
113.25,109,2994.481529
111.5,107,2994.938314
116.0,109,2995.398335
114.25,109,2995.876121
115.5,109,2996.383265
-8.0,47,2996.602494
110.5,107,2997.066045
111.5,107,2997.555378
-8.0,47,2997.750442
-8.0,47,2997.952272
112.0,107,2998.457798
115.5,109,2998.966732
-8.0,47,2999.173273
115.25,109,3003.400107
115.0,109,3003.916294
112.0,107,3004.373555
115.5,109,3004.865257
113.25,109,3005.33248
116.0,109,3005.858248
-8.0,47,3006.062652
-8.0,47,3006.270898
114.5,109,3006.74065
114.75,109,3007.219619
-8.0,47,3007.453517
-8.0,47,3007.630167
114.5,109,3008.078095
109.5,107,3008.58607
115.5,109,3009.046155
-8.0,47,3009.249263
-8.0,47,3009.459484
-8.0,47,3009.669372
114.5,109,3010.193544
116.0,109,3010.641231
-8.0,47,3010.837896
115.5,109,3011.339076
-10.5,46,3011.533612
116.0,109,3012.004532
115.5,109,3016.45366
114.0,108,3016.886914
115.5,109,3017.353277
112.0,107,3017.870033
112.0,107,3018.35835
-8.0,47,3018.558224
114.25,109,3019.054431
116.0,109,3019.591279
115.5,109,3020.052525
112.0,107,3020.469819
116.0,109,3020.903284
-8.0,47,3021.109316
112.0,107,3021.53875
116.0,109,3022.033686
-8.5,47,3022.228689
113.5,109,3022.734354
111.5,107,3023.191212
-8.75,47,3023.386808
113.0,109,3023.848863
112.0,107,3024.290901
116.0,109,3024.770625
109.25,107,3025.182782
-8.0,47,3029.617259
-8.0,47,3029.836017
111.5,107,3030.296753
114.25,109,3030.807891
112.5,108,3031.249723
114.75,109,3031.720254
-8.0,47,3031.932796
115.0,109,3032.386059
111.5,107,3032.875715
-8.0,47,3033.091751
-8.0,47,3033.27076
112.0,107,3033.734456
-8.0,47,3033.930511
111.25,107,3034.3609
116.0,109,3034.844257
114.75,109,3035.324442
109.25,107,3035.786163
-8.0,47,3036.008882
111.0,107,3036.472998
114.0,109,3036.950445
-8.0,47,3037.184391
112.0,107,3037.663484
-8.0,47,3037.863741
-8.0,47,3038.088953
115.5,109,3042.668664
111.25,107,3043.144857
-8.5,47,3043.361768
114.25,109,3043.848482
-10.5,46,3044.054258
115.25,109,3044.509742
-8.0,47,3044.72535
115.5,109,3045.210736
115.5,109,3045.69949
114.25,109,3046.162757
115.5,109,3046.628326
-8.0,47,3046.846142
111.0,107,3047.3226
113.5,109,3047.806401
116.0,109,3048.242479
-8.0,47,3048.461183
-8.0,47,3048.680026
114.0,109,3049.176115
-8.0,47,3049.400188
115.0,109,3049.882513
-8.0,47,3050.082148
114.75,109,3050.562538
-8.0,47,3050.776199
116.0,109,3051.299804
115.25,109,3056.163774
-8.75,47,3056.358799
115.25,109,3056.857641
115.5,109,3057.318414
115.25,109,3057.788033
116.0,109,3058.245305
115.5,109,3058.775327
112.0,107,3059.221585
115.25,109,3059.731089
115.25,109,3060.279234
-8.0,47,3060.451863
114.0,109,3060.921319
-8.0,47,3061.142127
-8.0,47,3061.345987
-8.0,47,3061.560372
113.0,108,3062.047647
-11.25,46,3062.257186
-8.0,47,3062.446399
-8.0,47,3062.646899
-8.0,47,3062.845704
112.0,107,3063.317413
112.0,107,3063.800573
115.0,109,3064.258192
-8.0,47,3064.451413
110.75,107,3064.906636
116.0,109,3069.979086
-8.0,47,3070.194181
113.25,108,3070.662869
116.0,109,3071.093551
112.0,107,3071.546138
115.5,109,3072.067366
116.0,109,3072.555779
116.0,109,3073.037334
114.75,109,3073.491983
115.0,109,3073.984105
-8.0,47,3074.188947
113.0,108,3074.672673
112.0,107,3075.140306
-8.0,47,3075.344629
-8.0,47,3075.546881
115.0,109,3075.974252
115.5,109,3076.401417
115.25,109,3076.872132
114.25,109,3077.355999
-8.0,47,3077.579263
114.75,109,3078.071997
116.0,109,3082.326099
-8.0,47,3082.526039
115.5,109,3083.016469
116.0,109,3083.457071
116.0,109,3083.942525
-8.0,47,3084.156839
-8.0,47,3084.332691
-8.0,47,3084.56748
-8.0,47,3084.780978
115.5,109,3085.224439
116.0,109,3085.69641
115.0,109,3086.150959
110.75,107,3086.602888
115.0,109,3087.103648
-8.0,47,3087.309506
-8.0,47,3087.508394
115.5,109,3088.006593
112.75,108,3088.473721
115.0,109,3088.956861
113.25,108,3089.442091
116.0,109,3089.972583
110.75,107,3090.446473
116.0,109,3090.884547
-8.0,47,3091.111011
-8.0,47,3095.237247
115.25,109,3095.731411
-8.0,47,3095.948366
115.5,109,3096.385093
111.25,107,3096.844883
115.0,109,3097.307034
111.75,108,3097.777377
-8.0,47,3097.998529
111.25,108,3098.451943
-8.0,47,3098.673401
-8.75,47,3098.897317
111.5,107,3099.372548
115.5,109,3099.859939
116.0,109,3100.310611
-8.5,47,3100.511779
114.75,109,3100.990769
114.5,109,3101.480579
115.5,109,3101.926435
114.5,109,3102.403817
115.25,109,3102.886046
112.5,108,3103.392469
115.0,109,3103.858908
-8.0,47,3104.069933
112.75,108,3108.507504
113.25,109,3108.975501
-8.0,47,3109.166164
115.5,109,3109.658641
116.0,109,3110.133397
114.5,109,3110.611881
-8.75,47,3110.836732
115.25,109,3111.305776
115.25,109,3111.781444
116.0,109,3112.229324
114.75,109,3112.715731
-8.0,47,3112.909623
115.5,109,3113.348899
-8.0,47,3113.53276
111.5,107,3113.968336
116.0,109,3114.442521
110.5,107,3114.902939
115.5,109,3115.310431
114.75,109,3115.766716
-8.5,47,3115.974026
114.5,109,3116.471414
-8.0,47,3116.67097
116.0,109,3121.134919
-8.0,47,3121.343068
-8.0,47,3121.551632
110.75,107,3122.031926
-8.0,47,3122.243083
115.5,109,3122.721825
-8.0,47,3122.959541
-8.0,47,3123.172852
111.5,107,3123.676838
116.0,109,3124.187459
116.0,109,3124.663795
-8.0,47,3124.871356
-8.0,47,3125.079599
115.5,109,3125.561974
112.25,108,3126.043645
114.5,109,3126.471359
-8.0,47,3126.673615
-8.0,47,3126.892
-8.0,47,3127.107143
116.0,109,3127.603152
-8.0,47,3127.799285
116.0,109,3128.237186
109.75,107,3128.670929
115.5,109,3129.164437
111.5,107,3129.596466
-8.0,47,3129.799998
-8.0,47,3133.887595
-8.0,47,3134.090598
112.0,107,3134.550261
-8.0,47,3134.78241
115.0,109,3135.269684
112.5,108,3135.703079
-8.0,47,3135.937494
-8.0,47,3136.142108
111.5,107,3136.638186
-8.0,47,3136.834344
116.0,109,3137.309515
114.5,109,3137.768766
115.0,109,3138.229601
113.5,109,3138.70188
-8.5,47,3138.929329
112.25,108,3139.37783
115.25,109,3139.865524
115.0,109,3140.265275
114.25,109,3140.705938
115.5,109,3141.152822
-8.0,47,3141.346591
115.5,109,3141.805706
112.5,108,3142.292517
115.5,109,3146.967417
-8.0,47,3147.147288
114.25,109,3147.607655
116.0,109,3148.064448
113.25,108,3148.50905
114.5,109,3148.987623
-8.0,47,3149.189955
115.5,109,3149.650785
112.0,107,3150.104083
-8.0,47,3150.316438
113.5,109,3150.808024
-8.0,47,3151.022986
115.5,109,3151.48457
111.5,107,3151.991965
-8.0,47,3152.199006
114.75,109,3152.639242
112.0,107,3153.120733
-8.0,47,3153.371729
115.25,109,3153.839664
115.5,109,3154.301068
114.0,108,3154.741644
115.5,109,3155.260007
116.0,109,3159.727277
116.0,109,3160.195297
113.25,108,3160.652058
115.5,109,3161.121958
116.0,109,3161.551026
-8.0,47,3161.742435
-10.5,46,3161.928278
114.75,109,3162.380854
114.75,109,3162.875936
113.0,109,3163.367957
114.75,109,3163.881119
-8.0,47,3164.082892
-8.0,47,3164.326202
-8.0,47,3164.510506
116.0,109,3164.947889
116.0,109,3165.450235
-8.0,47,3165.681642
116.0,109,3166.178243
110.5,107,3166.658998
112.25,108,3167.100561
115.25,109,3167.581489
111.0,107,3168.065878
-8.0,47,3168.281413
114.75,109,3173.145974
115.0,109,3173.619833
114.0,108,3174.140205
-8.0,47,3174.335067
-8.0,47,3174.542374
115.5,109,3174.997109
114.75,109,3175.468645
112.0,107,3175.949604
-8.0,47,3176.161962
115.25,109,3176.646306
-8.0,47,3176.84047
115.5,109,3177.286315
114.0,108,3177.749846
115.0,109,3178.181317
-8.0,47,3178.38167
116.0,109,3178.83221
-8.0,47,3179.026325
111.25,107,3179.467318
114.25,109,3179.931751
116.0,109,3180.408719
111.25,107,3180.872923
-8.0,47,3181.076882
110.0,107,3181.50682
114.75,109,3186.367423
111.5,107,3186.760971
115.5,109,3187.198811
115.5,109,3187.692453
-8.0,47,3187.898468
114.75,109,3188.397548
-8.0,47,3188.608163
116.0,109,3189.083953
-8.0,47,3189.264491
111.0,107,3189.724768
116.0,109,3190.197631
113.5,108,3190.642957
-8.0,47,3190.846431
115.5,109,3191.294522
-8.0,47,3191.47746
-8.75,47,3191.649441
110.75,107,3192.069474
116.0,109,3192.517386
116.0,109,3193.007644
-8.0,47,3193.219771
111.0,107,3193.710685
114.25,109,3194.141836
116.0,109,3194.605445
-10.5,46,3199.186865
-8.0,47,3199.394757
111.5,107,3199.877148
116.0,109,3200.36381
-8.0,47,3200.552477
114.25,109,3201.008116
112.0,107,3201.448943
115.25,109,3201.925337
113.25,108,3202.349548
-8.0,47,3202.558609
110.0,107,3203.032714
-8.0,47,3203.210034
-8.0,47,3203.405557
115.0,109,3203.886028
115.5,109,3204.331853
115.25,109,3204.832984
112.0,107,3205.308343
116.0,109,3205.78653
-8.0,47,3205.990882
116.0,109,3206.462486
-8.0,47,3206.667253
115.5,109,3207.144657
-8.0,47,3207.330657
114.0,109,3207.767465
115.5,109,3212.137767
112.0,107,3212.534799
111.25,107,3212.989055
111.5,107,3213.475178
-8.5,47,3213.693811
112.0,107,3214.167207
114.75,109,3214.64726
113.25,109,3215.123525
-8.0,47,3215.317546
114.0,109,3215.803121
115.0,109,3216.303082
116.0,109,3216.781652
-8.0,47,3217.015096
-8.75,47,3217.210728
-8.5,47,3217.42849
110.75,107,3217.866516
-8.0,47,3218.067728
115.5,109,3218.5505
109.75,107,3219.037671
115.5,109,3219.506683
115.25,109,3219.96558
115.0,109,3220.440957
-8.75,47,3220.647556
115.5,109,3225.066665
-8.0,47,3225.281235
-8.0,47,3225.453685
-8.5,47,3225.617217
114.25,109,3226.052398
114.25,109,3226.518178
-8.0,47,3226.729705
114.25,109,3227.238082
115.25,109,3227.744056
114.25,109,3228.231367
111.5,107,3228.684739
114.5,109,3229.15804
-8.0,47,3229.371167
116.0,109,3229.83968
112.25,108,3230.322135
-8.0,47,3230.508712
113.5,108,3230.981871
-8.0,47,3231.192424
-8.0,47,3231.370659
115.5,109,3231.866138
-8.0,47,3232.130448
114.0,108,3232.588568
-8.0,47,3232.800626
111.25,107,3233.209141
115.0,109,3237.696048
114.0,108,3238.158818
-8.0,47,3238.371498
112.0,107,3238.849943
114.25,109,3239.358258
116.0,109,3239.862063
112.0,107,3240.316277
115.5,109,3240.787717
-8.0,47,3241.001144
111.5,107,3241.501446
115.5,109,3241.972288
116.0,109,3242.43125
-8.0,47,3242.630913
116.0,109,3243.081737
113.0,108,3243.558866
-8.0,47,3243.769
-8.0,47,3244.02615
114.5,109,3244.512046
-8.0,47,3244.72332
114.75,109,3245.239012
112.0,107,3245.704546
-8.0,47,3245.946644
116.0,109,3246.414437
115.25,109,3250.80433
114.75,109,3251.289652
113.25,108,3251.770176
112.0,107,3252.256213
111.5,107,3252.725752
-8.0,47,3252.924442
116.0,109,3253.415731
115.0,109,3253.873936
116.0,109,3254.32746
-8.5,47,3254.541306
115.5,109,3254.984349
115.5,109,3255.458359
-8.0,47,3255.653842
113.75,109,3256.135813
112.0,107,3256.590868
111.5,107,3257.068636
116.0,109,3257.541653
115.5,109,3257.994774
113.5,108,3258.457409
114.0,108,3258.9368
116.0,109,3259.414469
116.0,109,3263.684316
-8.0,47,3263.885933
-8.0,47,3264.066382
-8.0,47,3264.272654
112.0,107,3264.75768
115.0,109,3265.199357
111.5,107,3265.672176
-10.5,46,3265.851425
116.0,109,3266.292151
111.25,107,3266.7287
116.0,109,3267.248533
-8.0,47,3267.45612
116.0,109,3267.960225
-8.0,47,3268.156865
116.0,109,3268.624008
114.75,109,3269.113849
-8.0,47,3269.327125
116.0,109,3269.806125
111.5,107,3270.293651
116.0,109,3270.74281
-8.0,47,3270.940143
-8.0,47,3271.132755
116.0,109,3271.549925
112.0,107,3272.002934
115.5,109,3276.618599
110.25,107,3277.060591
115.5,109,3277.538394
113.75,109,3278.099465
112.0,107,3278.574407
112.25,108,3278.981208
116.0,109,3279.458424
-8.0,47,3279.648976
116.0,109,3280.108265
113.5,108,3280.611286
-8.0,47,3280.814066
114.5,109,3281.294487
116.0,109,3281.771738
-8.0,47,3281.975763
116.0,109,3282.429837
-8.0,47,3282.63844
116.0,109,3283.102492
-8.0,47,3283.298918
115.25,109,3283.77415
-8.0,47,3283.97875
-8.0,47,3284.180393
115.25,109,3284.671149
116.0,109,3285.183267
116.0,109,3289.77409
112.0,107,3290.282305
116.0,109,3290.795724
-8.0,47,3290.997472
115.25,109,3291.448583
112.0,107,3291.914513
-8.0,47,3292.13005
115.25,109,3292.65143
115.0,109,3293.125399
-8.0,47,3293.309707
114.75,109,3293.810434
116.0,109,3294.365
115.5,109,3294.832423
116.0,109,3295.327897
-8.0,47,3295.562144
-8.0,47,3295.767333
-8.0,47,3295.976972
115.5,109,3296.444018
114.75,109,3296.899331
-8.0,47,3297.097697
115.0,109,3297.571481
114.75,109,3298.082515
-8.0,47,3298.2838
111.5,107,3302.932933
115.0,109,3303.400769
-8.0,47,3303.608725
111.5,107,3304.070813
-8.0,47,3304.28344
-8.5,47,3304.503017
-9.0,47,3304.695226
116.0,109,3305.156639
115.5,109,3305.63388
115.25,109,3306.08004
-8.0,47,3306.322356
114.0,109,3306.819173
112.75,108,3307.223784
115.5,109,3307.671644
114.25,109,3308.135891
114.5,109,3308.562234
-8.0,47,3308.767352
115.25,109,3309.180515
-8.0,47,3309.396649
114.75,109,3309.925741
-8.0,47,3310.1236
115.25,109,3310.643201
114.0,108,3311.101798
-8.0,47,3311.30209
-8.0,47,3315.679513
111.5,107,3316.139219
115.5,109,3316.593362
-8.0,47,3316.800278
-8.0,47,3317.018489
112.0,107,3317.520222
115.25,109,3318.045741
-8.0,47,3318.236326
116.0,109,3318.738204
114.25,109,3319.207147
109.75,107,3319.669997
115.5,109,3320.16959
113.5,108,3320.631638
115.5,109,3321.106891
-8.75,47,3321.310282
112.75,108,3321.832389
115.5,109,3322.280147
115.5,109,3322.796204
111.5,107,3323.307708
116.0,109,3323.848459
110.5,107,3324.287775
115.5,109,3324.731602
115.0,109,3329.30786
116.0,109,3329.767147
113.0,108,3330.216484
-8.0,47,3330.389834
-8.0,47,3330.592363
115.5,109,3331.060227
112.0,107,3331.530593
-8.0,47,3331.749479
-8.0,47,3331.968107
-8.0,47,3332.213846
116.0,109,3332.634491
-8.0,47,3332.822945
-8.0,47,3333.02285
111.5,107,3333.473073
116.0,109,3333.946532
116.0,109,3334.434179
113.5,108,3334.916808
116.0,109,3335.3875
114.0,108,3335.854785
-8.0,47,3336.074043
116.0,109,3336.552893
-8.0,47,3336.766521
115.5,109,3337.247142
-8.0,47,3337.452245
114.25,109,3341.879876
115.5,109,3342.375101
115.5,109,3342.839682
111.0,107,3343.322543
116.0,109,3343.775666
-8.0,47,3343.976071
-8.0,47,3344.1845
115.5,109,3344.665924
113.25,108,3345.147604
115.25,109,3345.647559
113.5,108,3346.120686
115.5,109,3346.602041
-8.0,47,3346.817816
115.5,109,3347.312566
114.25,109,3347.819867
-8.0,47,3348.03615
-8.0,47,3348.26659
115.5,109,3348.744175
116.0,109,3349.256212
111.5,107,3349.768057
115.5,109,3350.271955
115.5,109,3350.757374
116.0,109,3355.338131
116.0,109,3355.77573
115.5,109,3356.246096
111.5,107,3356.765434
114.75,109,3357.269507
-8.0,47,3357.465165
110.75,107,3357.946752
111.75,108,3358.401572
-8.75,47,3358.575844
115.5,109,3359.054831
111.5,107,3359.580321
116.0,109,3360.132668
115.25,109,3360.637585
114.75,109,3361.103923
115.5,109,3361.575291
-8.0,47,3361.812862
115.0,109,3362.275672
-8.0,47,3362.494548
-8.0,47,3362.719167
-9.25,47,3362.935752
116.0,109,3363.423193
111.5,107,3363.901696
110.5,107,3368.659172
114.75,109,3369.170443
114.5,109,3369.671692
110.5,107,3370.161313
-8.0,47,3370.368089
-8.0,47,3370.565906
111.5,107,3371.034758
-8.0,47,3371.251374
-8.0,47,3371.451442
-8.75,47,3371.660901
115.5,109,3372.177998
114.75,109,3372.681687
-8.0,47,3372.895778
-8.0,47,3373.097164
111.25,107,3373.587577
116.0,109,3374.088237
114.0,108,3374.589894
112.0,107,3375.094701
115.0,109,3375.639056
-8.0,47,3375.862327
114.75,109,3376.362045
-8.0,47,3376.614702
116.0,109,3377.054913
116.0,109,3377.551012
-8.0,47,3377.773939
-8.0,47,3382.122598
-8.0,47,3382.232862
116.0,109,3382.455185
-8.0,47,3382.56178
116.0,109,3382.800277
112.0,107,3383.06368
116.0,109,3383.278736
116.0,109,3383.490524
114.0,108,3383.71192
116.0,109,3383.98048
